timestamp,rssi,lqi,device_id
'2023-08-26 12:30:18,341',-79,34,106
'2023-08-26 12:30:18,429',-79,34,106
'2023-08-26 12:30:18,523',-79,34,106
'2023-08-26 12:30:18,617',-79,34,106
'2023-08-26 12:30:18,711',-79,34,106
'2023-08-26 12:30:18,804',-79,34,106
'2023-08-26 12:30:18,898',-79,34,106
'2023-08-26 12:30:18,992',-79,34,106
'2023-08-26 12:30:19,087',-79,34,106
'2023-08-26 12:30:19,180',-79,34,106
'2023-08-26 12:30:19,273',-79,34,106
'2023-08-26 12:30:19,367',-79,34,106
'2023-08-26 12:30:19,461',-79,34,106
'2023-08-26 12:30:19,555',-79,34,106
'2023-08-26 12:30:19,649',-79,34,106
'2023-08-26 12:30:19,742',-79,34,106
'2023-08-26 12:30:19,836',-79,34,106
'2023-08-26 12:30:19,930',-79,34,106
'2023-08-26 12:30:20,024',-79,34,106
'2023-08-26 12:30:20,117',-79,34,106
'2023-08-26 12:30:20,211',-79,34,106
'2023-08-26 12:30:20,305',-79,34,106
'2023-08-26 12:30:20,399',-79,34,106
'2023-08-26 12:30:20,493',-79,34,106
'2023-08-26 12:30:20,587',-79,34,106
'2023-08-26 12:30:20,680',-79,34,106
'2023-08-26 12:30:20,774',-79,34,106
'2023-08-26 12:30:20,868',-79,34,106
'2023-08-26 12:30:20,961',-79,34,106
'2023-08-26 12:30:21,054',-79,34,106
'2023-08-26 12:30:21,148',-79,34,106
'2023-08-26 12:30:21,242',-79,34,106
'2023-08-26 12:30:21,336',-79,34,106
'2023-08-26 12:30:21,430',-79,34,106
'2023-08-26 12:30:21,523',-79,34,106
'2023-08-26 12:30:21,617',-79,34,106
'2023-08-26 12:30:21,712',-79,34,106
'2023-08-26 12:30:21,805',-79,34,106
'2023-08-26 12:30:21,898',-79,34,106
'2023-08-26 12:30:21,992',-79,34,106
'2023-08-26 12:30:22,086',-79,34,106
'2023-08-26 12:30:22,180',-79,34,106
'2023-08-26 12:30:22,273',-79,34,106
'2023-08-26 12:30:22,367',-79,34,106
'2023-08-26 12:30:22,461',-79,34,106
'2023-08-26 12:30:22,555',-79,34,106
'2023-08-26 12:30:22,649',-79,34,106
'2023-08-26 12:30:22,743',-79,34,106
'2023-08-26 12:30:22,836',-79,34,106
'2023-08-26 12:30:22,930',-79,34,106
'2023-08-26 12:30:23,023',-79,34,106
'2023-08-26 12:30:23,117',-79,34,106
'2023-08-26 12:30:23,211',-79,34,106
'2023-08-26 12:30:23,305',-79,34,106
'2023-08-26 12:30:23,514',-79,34,106
'2023-08-26 12:30:23,514',-79,34,106
'2023-08-26 12:30:23,586',-79,34,106
'2023-08-26 12:30:23,680',-79,34,106
'2023-08-26 12:30:23,773',-79,34,106
'2023-08-26 12:30:23,867',-79,34,106
'2023-08-26 12:30:23,961',-79,34,106
'2023-08-26 12:30:24,056',-79,34,106
'2023-08-26 12:30:24,148',-79,34,106
'2023-08-26 12:30:24,242',-79,34,106
'2023-08-26 12:30:24,336',-79,34,106
'2023-08-26 12:30:24,430',-79,34,106
'2023-08-26 12:30:24,523',-79,34,106
'2023-08-26 12:30:24,617',-79,34,106
'2023-08-26 12:30:24,711',-79,34,106
'2023-08-26 12:30:24,805',-79,34,106
'2023-08-26 12:30:24,898',-79,34,106
'2023-08-26 12:30:24,992',-79,34,106
'2023-08-26 12:30:25,086',-79,34,106
'2023-08-26 12:30:25,180',-79,34,106
'2023-08-26 12:30:25,273',-79,34,106
'2023-08-26 12:30:25,367',-79,34,106
'2023-08-26 12:30:25,461',-79,34,106
'2023-08-26 12:30:25,555',-79,34,106
'2023-08-26 12:30:25,648',-79,34,106
'2023-08-26 12:30:25,742',-79,34,106
'2023-08-26 12:30:25,836',-79,34,106
'2023-08-26 12:30:25,930',-80,34,106
'2023-08-26 12:30:26,023',-79,34,106
'2023-08-26 12:30:26,117',-79,34,106
'2023-08-26 12:30:26,211',-79,34,106
'2023-08-26 12:30:26,305',-79,34,106
'2023-08-26 12:30:26,398',-79,34,106
'2023-08-26 12:30:26,492',-79,34,106
'2023-08-26 12:30:26,586',-79,34,106
'2023-08-26 12:30:26,680',-79,34,106
'2023-08-26 12:30:26,773',-79,34,106
'2023-08-26 12:30:26,867',-79,34,106
'2023-08-26 12:30:26,961',-79,34,106
'2023-08-26 12:30:27,055',-79,34,106
'2023-08-26 12:30:27,148',-79,34,106
'2023-08-26 12:30:27,242',-79,34,106
'2023-08-26 12:30:27,336',-79,34,106
'2023-08-26 12:30:27,430',-79,34,106
'2023-08-26 12:30:27,523',-79,34,106
'2023-08-26 12:30:27,618',-79,34,106
'2023-08-26 12:30:28,895',-90,34,106
'2023-08-26 12:30:28,985',-90,34,106
'2023-08-26 12:30:29,079',-90,34,106
'2023-08-26 12:30:29,173',-91,34,106
'2023-08-26 12:30:29,266',-90,34,106
'2023-08-26 12:30:29,360',-91,34,106
'2023-08-26 12:30:29,454',-90,34,106
'2023-08-26 12:30:29,548',-90,34,106
'2023-08-26 12:30:29,642',-91,34,106
'2023-08-26 12:30:29,735',-90,34,106
'2023-08-26 12:30:29,829',-90,34,106
'2023-08-26 12:30:29,923',-91,34,106
'2023-08-26 12:30:30,017',-91,34,106
'2023-08-26 12:30:30,110',-90,34,106
'2023-08-26 12:30:30,204',-90,34,106
'2023-08-26 12:30:30,298',-90,34,106
'2023-08-26 12:30:30,392',-90,34,106
'2023-08-26 12:30:30,485',-90,34,106
'2023-08-26 12:30:30,579',-90,34,106
'2023-08-26 12:30:30,673',-90,34,106
'2023-08-26 12:30:30,767',-90,34,106
'2023-08-26 12:30:30,860',-91,34,106
'2023-08-26 12:30:30,954',-90,34,106
'2023-08-26 12:30:31,048',-90,34,106
'2023-08-26 12:30:31,142',-91,34,106
'2023-08-26 12:30:31,235',-90,34,106
'2023-08-26 12:30:31,329',-90,34,106
'2023-08-26 12:30:31,423',-90,34,106
'2023-08-26 12:30:31,517',-91,34,106
'2023-08-26 12:30:31,610',-90,34,106
'2023-08-26 12:30:31,704',-90,34,106
'2023-08-26 12:30:31,798',-91,34,106
'2023-08-26 12:30:31,892',-90,34,106
'2023-08-26 12:30:31,985',-90,34,106
'2023-08-26 12:30:32,079',-90,34,106
'2023-08-26 12:30:32,173',-90,34,106
'2023-08-26 12:30:32,267',-90,34,106
'2023-08-26 12:30:32,360',-90,34,106
'2023-08-26 12:30:32,454',-90,34,106
'2023-08-26 12:30:32,548',-90,34,106
'2023-08-26 12:30:32,642',-90,34,106
'2023-08-26 12:30:32,735',-90,34,106
'2023-08-26 12:30:32,829',-90,34,106
'2023-08-26 12:30:32,923',-91,34,106
'2023-08-26 12:30:33,017',-90,34,106
'2023-08-26 12:30:33,110',-90,34,106
'2023-08-26 12:30:33,204',-91,34,106
'2023-08-26 12:30:33,298',-91,34,106
'2023-08-26 12:30:33,392',-91,34,106
'2023-08-26 12:30:33,485',-90,34,106
'2023-08-26 12:30:33,579',-90,34,106
'2023-08-26 12:30:33,673',-90,34,106
'2023-08-26 12:30:33,767',-90,34,106
'2023-08-26 12:30:33,860',-90,34,106
'2023-08-26 12:30:33,954',-90,34,106
'2023-08-26 12:30:34,048',-90,34,106
'2023-08-26 12:30:34,142',-91,34,106
'2023-08-26 12:30:34,235',-90,34,106
'2023-08-26 12:30:34,329',-90,34,106
'2023-08-26 12:30:34,423',-90,34,106
'2023-08-26 12:30:34,517',-91,34,106
'2023-08-26 12:30:34,610',-90,34,106
'2023-08-26 12:30:34,704',-90,34,106
'2023-08-26 12:30:34,799',-90,34,106
'2023-08-26 12:30:34,892',-90,34,106
'2023-08-26 12:30:34,985',-90,34,106
'2023-08-26 12:30:35,079',-90,34,106
'2023-08-26 12:30:35,173',-90,34,106
'2023-08-26 12:30:35,267',-91,34,106
'2023-08-26 12:30:35,360',-90,34,106
'2023-08-26 12:30:35,454',-90,34,106
'2023-08-26 12:30:35,548',-90,34,106
'2023-08-26 12:30:35,736',-90,34,106
'2023-08-26 12:30:35,829',-90,34,106
'2023-08-26 12:30:35,923',-90,34,106
'2023-08-26 12:30:36,017',-90,34,106
'2023-08-26 12:30:36,111',-91,34,106
'2023-08-26 12:30:36,204',-90,34,106
'2023-08-26 12:30:36,298',-90,34,106
'2023-08-26 12:30:36,392',-90,34,106
'2023-08-26 12:30:36,486',-90,34,106
'2023-08-26 12:30:36,579',-90,34,106
'2023-08-26 12:30:36,672',-90,34,106
'2023-08-26 12:30:36,766',-91,34,106
'2023-08-26 12:30:36,860',-90,34,106
'2023-08-26 12:30:36,954',-90,34,106
'2023-08-26 12:30:37,048',-91,34,106
'2023-08-26 12:30:37,141',-90,34,106
'2023-08-26 12:30:37,235',-90,34,106
'2023-08-26 12:30:37,329',-91,34,106
'2023-08-26 12:30:37,423',-90,34,106
'2023-08-26 12:30:37,517',-90,34,106
'2023-08-26 12:30:37,610',-90,34,106
'2023-08-26 12:30:37,704',-90,34,106
'2023-08-26 12:30:37,798',-91,34,106
'2023-08-26 12:30:37,892',-90,34,106
'2023-08-26 12:30:37,985',-90,34,106
'2023-08-26 12:30:38,079',-90,34,106
'2023-08-26 12:30:38,174',-90,34,106
'2023-08-26 12:30:39,421',-90,34,106
'2023-08-26 12:31:32,342',-101,66,106
'2023-08-26 12:31:38,810',-101,67,106
'2023-08-26 12:31:39,560',-101,67,106
'2023-08-26 12:45:56,320',-79,55,106
'2023-08-26 12:45:56,410',-79,55,106
'2023-08-26 12:45:56,504',-79,55,106
'2023-08-26 12:45:56,598',-79,55,106
'2023-08-26 12:45:56,692',-79,55,106
'2023-08-26 12:45:56,786',-79,55,106
'2023-08-26 12:45:56,879',-79,55,106
'2023-08-26 12:45:56,973',-79,55,106
'2023-08-26 12:45:57,066',-79,55,106
'2023-08-26 12:45:57,161',-79,55,106
'2023-08-26 12:45:57,254',-79,55,106
'2023-08-26 12:45:57,348',-79,55,106
'2023-08-26 12:45:57,441',-79,55,106
'2023-08-26 12:45:57,535',-79,55,106
'2023-08-26 12:45:57,629',-79,55,106
'2023-08-26 12:45:57,723',-79,55,106
'2023-08-26 12:45:57,817',-79,55,106
'2023-08-26 12:45:57,910',-79,55,106
'2023-08-26 12:45:58,004',-79,55,106
'2023-08-26 12:45:58,098',-79,55,106
'2023-08-26 12:45:58,192',-79,55,106
'2023-08-26 12:45:58,285',-79,55,106
'2023-08-26 12:45:58,379',-79,55,106
'2023-08-26 12:45:58,473',-79,55,106
'2023-08-26 12:45:58,567',-79,55,106
'2023-08-26 12:45:58,660',-79,55,106
'2023-08-26 12:45:58,754',-80,55,106
'2023-08-26 12:45:58,848',-79,55,106
'2023-08-26 12:45:58,942',-79,55,106
'2023-08-26 12:45:59,035',-79,55,106
'2023-08-26 12:45:59,129',-79,55,106
'2023-08-26 12:45:59,223',-79,55,106
'2023-08-26 12:45:59,317',-79,55,106
'2023-08-26 12:45:59,410',-79,55,106
'2023-08-26 12:45:59,504',-79,55,106
'2023-08-26 12:45:59,598',-79,55,106
'2023-08-26 12:45:59,692',-79,55,106
'2023-08-26 12:45:59,785',-79,55,106
'2023-08-26 12:45:59,880',-79,55,106
'2023-08-26 12:45:59,973',-79,55,106
'2023-08-26 12:46:00,067',-79,55,106
'2023-08-26 12:46:00,160',-79,55,106
'2023-08-26 12:46:00,254',-79,55,106
'2023-08-26 12:46:00,348',-79,55,106
'2023-08-26 12:46:00,442',-79,55,106
'2023-08-26 12:46:00,535',-79,55,106
'2023-08-26 12:46:00,629',-79,55,106
'2023-08-26 12:46:00,724',-79,55,106
'2023-08-26 12:46:00,817',-79,55,106
'2023-08-26 12:46:00,910',-79,55,106
'2023-08-26 12:46:01,004',-79,55,106
'2023-08-26 12:46:01,098',-79,55,106
'2023-08-26 12:46:01,192',-79,55,106
'2023-08-26 12:46:01,285',-79,55,106
'2023-08-26 12:46:01,379',-79,55,106
'2023-08-26 12:46:01,473',-79,55,106
'2023-08-26 12:46:01,567',-79,55,106
'2023-08-26 12:46:01,660',-79,55,106
'2023-08-26 12:46:01,754',-79,55,106
'2023-08-26 12:46:01,849',-79,55,106
'2023-08-26 12:46:01,942',-79,55,106
'2023-08-26 12:46:02,035',-79,55,106
'2023-08-26 12:46:02,129',-79,55,106
'2023-08-26 12:46:02,223',-79,55,106
'2023-08-26 12:46:02,318',-79,55,106
'2023-08-26 12:46:02,410',-79,55,106
'2023-08-26 12:46:02,505',-79,55,106
'2023-08-26 12:46:02,598',-79,55,106
'2023-08-26 12:46:02,692',-79,55,106
'2023-08-26 12:46:02,785',-79,55,106
'2023-08-26 12:46:02,879',-79,55,106
'2023-08-26 12:46:02,973',-79,55,106
'2023-08-26 12:46:03,067',-79,55,106
'2023-08-26 12:46:03,160',-79,55,106
'2023-08-26 12:46:03,254',-79,55,106
'2023-08-26 12:46:03,348',-79,55,106
'2023-08-26 12:46:03,442',-79,55,106
'2023-08-26 12:46:03,535',-79,55,106
'2023-08-26 12:46:03,629',-79,55,106
'2023-08-26 12:46:03,723',-79,55,106
'2023-08-26 12:46:03,817',-79,55,106
'2023-08-26 12:46:03,910',-79,55,106
'2023-08-26 12:46:04,004',-79,55,106
'2023-08-26 12:46:04,098',-79,55,106
'2023-08-26 12:46:04,192',-79,55,106
'2023-08-26 12:46:04,285',-79,55,106
'2023-08-26 12:46:04,379',-79,55,106
'2023-08-26 12:46:04,473',-79,55,106
'2023-08-26 12:46:04,567',-79,55,106
'2023-08-26 12:46:04,660',-79,55,106
'2023-08-26 12:46:04,754',-79,55,106
'2023-08-26 12:46:04,848',-79,55,106
'2023-08-26 12:46:04,942',-79,55,106
'2023-08-26 12:46:05,035',-79,55,106
'2023-08-26 12:46:05,129',-79,55,106
'2023-08-26 12:46:05,223',-79,55,106
'2023-08-26 12:46:05,317',-79,55,106
'2023-08-26 12:46:05,410',-79,55,106
'2023-08-26 12:46:05,504',-79,55,106
'2023-08-26 12:46:05,599',-79,55,106
'2023-08-26 12:46:06,867',-90,55,106
'2023-08-26 12:46:06,961',-91,55,106
'2023-08-26 12:46:07,055',-90,55,106
'2023-08-26 12:46:07,148',-91,55,106
'2023-08-26 12:46:07,242',-91,55,106
'2023-08-26 12:46:07,336',-90,55,106
'2023-08-26 12:46:07,430',-90,55,106
'2023-08-26 12:46:07,523',-91,55,106
'2023-08-26 12:46:07,617',-90,55,106
'2023-08-26 12:46:07,711',-90,55,106
'2023-08-26 12:46:07,805',-91,55,106
'2023-08-26 12:46:07,898',-91,55,106
'2023-08-26 12:46:08,003',-91,55,106
'2023-08-26 12:46:08,086',-91,55,106
'2023-08-26 12:46:08,180',-90,55,106
'2023-08-26 12:46:08,274',-91,55,106
'2023-08-26 12:46:08,367',-91,55,106
'2023-08-26 12:46:08,461',-91,55,106
'2023-08-26 12:46:08,555',-90,55,106
'2023-08-26 12:46:08,649',-91,55,106
'2023-08-26 12:46:08,742',-90,55,106
'2023-08-26 12:46:08,836',-91,55,106
'2023-08-26 12:46:08,930',-91,55,106
'2023-08-26 12:46:09,024',-90,55,106
'2023-08-26 12:46:09,118',-90,55,106
'2023-08-26 12:46:09,210',-91,55,106
'2023-08-26 12:46:09,305',-90,55,106
'2023-08-26 12:46:09,398',-91,55,106
'2023-08-26 12:46:09,492',-91,55,106
'2023-08-26 12:46:09,586',-90,55,106
'2023-08-26 12:46:09,679',-90,55,106
'2023-08-26 12:46:09,773',-91,55,106
'2023-08-26 12:46:09,867',-90,55,106
'2023-08-26 12:46:09,961',-91,55,106
'2023-08-26 12:46:10,055',-90,55,106
'2023-08-26 12:46:10,148',-91,55,106
'2023-08-26 12:46:10,242',-91,55,106
'2023-08-26 12:46:10,336',-91,55,106
'2023-08-26 12:46:10,430',-91,55,106
'2023-08-26 12:46:10,524',-90,55,106
'2023-08-26 12:46:10,617',-90,55,106
'2023-08-26 12:46:10,711',-91,55,106
'2023-08-26 12:46:10,805',-90,55,106
'2023-08-26 12:46:10,899',-91,55,106
'2023-08-26 12:46:11,001',-90,55,106
'2023-08-26 12:46:11,086',-90,55,106
'2023-08-26 12:46:11,180',-91,55,106
'2023-08-26 12:46:11,274',-90,55,106
'2023-08-26 12:46:11,368',-91,55,106
'2023-08-26 12:46:11,461',-91,55,106
'2023-08-26 12:46:11,554',-91,55,106
'2023-08-26 12:46:11,648',-91,55,106
'2023-08-26 12:46:11,742',-90,55,106
'2023-08-26 12:46:11,836',-90,55,106
'2023-08-26 12:46:11,929',-90,55,106
'2023-08-26 12:46:12,023',-91,55,106
'2023-08-26 12:46:12,117',-91,55,106
'2023-08-26 12:46:12,211',-90,55,106
'2023-08-26 12:46:12,305',-91,55,106
'2023-08-26 12:46:12,398',-91,55,106
'2023-08-26 12:46:12,492',-91,55,106
'2023-08-26 12:46:12,586',-90,55,106
'2023-08-26 12:46:12,680',-90,55,106
'2023-08-26 12:46:12,774',-91,55,106
'2023-08-26 12:46:12,867',-91,55,106
'2023-08-26 12:46:12,961',-91,55,106
'2023-08-26 12:46:13,055',-91,55,106
'2023-08-26 12:46:13,149',-90,55,106
'2023-08-26 12:46:13,242',-91,55,106
'2023-08-26 12:46:13,336',-91,55,106
'2023-08-26 12:46:13,430',-90,55,106
'2023-08-26 12:46:13,524',-90,55,106
'2023-08-26 12:46:13,618',-90,55,106
'2023-08-26 12:46:13,710',-91,55,106
'2023-08-26 12:46:13,804',-91,55,106
'2023-08-26 12:46:13,898',-90,55,106
'2023-08-26 12:46:14,004',-91,55,106
'2023-08-26 12:46:14,086',-91,55,106
'2023-08-26 12:46:14,179',-90,55,106
'2023-08-26 12:46:14,273',-91,55,106
'2023-08-26 12:46:14,367',-90,55,106
'2023-08-26 12:46:14,461',-90,55,106
'2023-08-26 12:46:14,555',-91,55,106
'2023-08-26 12:46:14,648',-90,55,106
'2023-08-26 12:46:14,742',-90,55,106
'2023-08-26 12:46:14,836',-90,55,106
'2023-08-26 12:46:14,930',-90,55,106
'2023-08-26 12:46:15,024',-90,55,106
'2023-08-26 12:46:15,117',-90,55,106
'2023-08-26 12:46:15,211',-90,55,106
'2023-08-26 12:46:15,305',-90,55,106
'2023-08-26 12:46:15,399',-90,55,106
'2023-08-26 12:46:15,492',-90,55,106
'2023-08-26 12:46:15,586',-91,55,106
'2023-08-26 12:46:15,680',-90,55,106
'2023-08-26 12:46:15,774',-91,55,106
'2023-08-26 12:46:15,868',-90,55,106
'2023-08-26 12:46:15,962',-91,55,106
'2023-08-26 12:46:16,149',-91,55,106
'2023-08-26 12:46:17,396',-91,55,106
'2023-08-26 12:47:12,767',-101,63,106
'2023-08-26 12:47:16,049',-101,58,106
'2023-08-26 12:47:18,112',-101,61,106
'2023-08-26 13:01:34,309',-79,32,106
'2023-08-26 13:01:34,399',-79,32,106
'2023-08-26 13:01:34,493',-79,32,106
'2023-08-26 13:01:34,586',-79,32,106
'2023-08-26 13:01:34,680',-79,32,106
'2023-08-26 13:01:34,773',-79,32,106
'2023-08-26 13:01:34,867',-79,32,106
'2023-08-26 13:01:34,961',-79,32,106
'2023-08-26 13:01:35,055',-79,32,106
'2023-08-26 13:01:35,149',-79,32,106
'2023-08-26 13:01:35,243',-79,32,106
'2023-08-26 13:01:35,336',-79,32,106
'2023-08-26 13:01:35,430',-79,32,106
'2023-08-26 13:01:35,524',-79,32,106
'2023-08-26 13:01:35,618',-79,32,106
'2023-08-26 13:01:35,712',-79,32,106
'2023-08-26 13:01:35,805',-79,32,106
'2023-08-26 13:01:35,899',-79,32,106
'2023-08-26 13:01:35,993',-79,32,106
'2023-08-26 13:01:36,087',-79,32,106
'2023-08-26 13:01:36,180',-80,32,106
'2023-08-26 13:01:36,274',-79,32,106
'2023-08-26 13:01:36,368',-79,32,106
'2023-08-26 13:01:36,462',-79,32,106
'2023-08-26 13:01:36,556',-79,32,106
'2023-08-26 13:01:36,649',-79,32,106
'2023-08-26 13:01:36,743',-79,32,106
'2023-08-26 13:01:36,836',-79,32,106
'2023-08-26 13:01:36,930',-79,32,106
'2023-08-26 13:01:37,025',-79,32,106
'2023-08-26 13:01:37,118',-79,32,106
'2023-08-26 13:01:37,211',-79,32,106
'2023-08-26 13:01:37,305',-79,32,106
'2023-08-26 13:01:37,399',-79,32,106
'2023-08-26 13:01:37,493',-79,32,106
'2023-08-26 13:01:37,586',-79,32,106
'2023-08-26 13:01:37,681',-79,32,106
'2023-08-26 13:01:37,774',-79,32,106
'2023-08-26 13:01:37,868',-79,32,106
'2023-08-26 13:01:37,962',-79,32,106
'2023-08-26 13:01:38,055',-79,32,106
'2023-08-26 13:01:38,149',-79,32,106
'2023-08-26 13:01:38,243',-79,32,106
'2023-08-26 13:01:38,337',-79,32,106
'2023-08-26 13:01:38,430',-79,32,106
'2023-08-26 13:01:38,524',-79,32,106
'2023-08-26 13:01:38,618',-79,32,106
'2023-08-26 13:01:38,712',-79,32,106
'2023-08-26 13:01:38,806',-79,32,106
'2023-08-26 13:01:38,899',-79,32,106
'2023-08-26 13:01:38,993',-79,32,106
'2023-08-26 13:01:39,087',-79,32,106
'2023-08-26 13:01:39,181',-79,32,106
'2023-08-26 13:01:39,275',-79,32,106
'2023-08-26 13:01:39,367',-79,32,106
'2023-08-26 13:01:39,461',-79,32,106
'2023-08-26 13:01:39,555',-79,32,106
'2023-08-26 13:01:39,649',-79,32,106
'2023-08-26 13:01:39,743',-79,32,106
'2023-08-26 13:01:39,836',-79,32,106
'2023-08-26 13:01:39,930',-79,32,106
'2023-08-26 13:01:40,024',-79,32,106
'2023-08-26 13:01:40,118',-79,32,106
'2023-08-26 13:01:40,212',-79,32,106
'2023-08-26 13:01:40,305',-79,32,106
'2023-08-26 13:01:40,399',-79,32,106
'2023-08-26 13:01:40,493',-79,32,106
'2023-08-26 13:01:40,587',-79,32,106
'2023-08-26 13:01:40,680',-79,32,106
'2023-08-26 13:01:40,774',-79,32,106
'2023-08-26 13:01:40,868',-79,32,106
'2023-08-26 13:01:40,962',-79,32,106
'2023-08-26 13:01:41,056',-79,32,106
'2023-08-26 13:01:41,149',-79,32,106
'2023-08-26 13:01:41,243',-79,32,106
'2023-08-26 13:01:41,337',-79,32,106
'2023-08-26 13:01:41,431',-79,32,106
'2023-08-26 13:01:41,525',-79,32,106
'2023-08-26 13:01:41,618',-79,32,106
'2023-08-26 13:01:41,712',-79,32,106
'2023-08-26 13:01:41,805',-79,32,106
'2023-08-26 13:01:41,899',-79,32,106
'2023-08-26 13:01:41,993',-79,32,106
'2023-08-26 13:01:42,086',-80,32,106
'2023-08-26 13:01:42,180',-79,32,106
'2023-08-26 13:01:42,275',-79,32,106
'2023-08-26 13:01:42,368',-79,32,106
'2023-08-26 13:01:42,462',-79,32,106
'2023-08-26 13:01:42,555',-79,32,106
'2023-08-26 13:01:42,649',-79,32,106
'2023-08-26 13:01:42,743',-79,32,106
'2023-08-26 13:01:42,837',-79,32,106
'2023-08-26 13:01:42,930',-79,32,106
'2023-08-26 13:01:43,024',-79,32,106
'2023-08-26 13:01:43,118',-79,32,106
'2023-08-26 13:01:43,212',-79,32,106
'2023-08-26 13:01:43,306',-79,32,106
'2023-08-26 13:01:43,399',-79,32,106
'2023-08-26 13:01:43,493',-79,32,106
'2023-08-26 13:01:43,588',-79,32,106
'2023-08-26 13:01:44,832',-90,32,106
'2023-08-26 13:01:44,921',-90,32,106
'2023-08-26 13:01:45,015',-90,32,106
'2023-08-26 13:01:45,108',-91,32,106
'2023-08-26 13:01:45,202',-91,32,106
'2023-08-26 13:01:45,296',-90,32,106
'2023-08-26 13:01:45,390',-90,32,106
'2023-08-26 13:01:45,483',-91,32,106
'2023-08-26 13:01:45,577',-90,32,106
'2023-08-26 13:01:45,671',-91,32,106
'2023-08-26 13:01:45,765',-91,32,106
'2023-08-26 13:01:45,859',-91,32,106
'2023-08-26 13:01:45,952',-91,32,106
'2023-08-26 13:01:46,046',-91,32,106
'2023-08-26 13:01:46,140',-90,32,106
'2023-08-26 13:01:46,234',-90,32,106
'2023-08-26 13:01:46,327',-90,32,106
'2023-08-26 13:01:46,421',-91,32,106
'2023-08-26 13:01:46,515',-91,32,106
'2023-08-26 13:01:46,609',-91,32,106
'2023-08-26 13:01:46,702',-90,32,106
'2023-08-26 13:01:46,796',-90,32,106
'2023-08-26 13:01:46,890',-91,32,106
'2023-08-26 13:01:46,984',-90,32,106
'2023-08-26 13:01:47,077',-90,32,106
'2023-08-26 13:01:47,171',-90,32,106
'2023-08-26 13:01:47,265',-90,32,106
'2023-08-26 13:01:47,453',-91,96,106
'2023-08-26 13:01:47,546',-90,96,106
'2023-08-26 13:01:47,640',-91,96,106
'2023-08-26 13:01:47,734',-91,96,106
'2023-08-26 13:01:47,921',-91,94,106
'2023-08-26 13:01:48,015',-90,94,106
'2023-08-26 13:01:48,108',-91,94,106
'2023-08-26 13:01:48,202',-90,94,106
'2023-08-26 13:01:48,296',-91,94,106
'2023-08-26 13:01:48,390',-90,94,106
'2023-08-26 13:01:48,484',-91,94,106
'2023-08-26 13:01:48,577',-90,94,106
'2023-08-26 13:01:48,671',-90,94,106
'2023-08-26 13:01:48,765',-90,94,106
'2023-08-26 13:01:48,859',-91,94,106
'2023-08-26 13:01:48,952',-91,94,106
'2023-08-26 13:01:49,046',-90,94,106
'2023-08-26 13:01:49,140',-90,94,106
'2023-08-26 13:01:49,234',-91,94,106
'2023-08-26 13:01:49,327',-91,94,106
'2023-08-26 13:01:49,421',-90,94,106
'2023-08-26 13:01:49,515',-90,94,106
'2023-08-26 13:01:49,609',-91,94,106
'2023-08-26 13:01:49,702',-90,94,106
'2023-08-26 13:01:49,796',-90,94,106
'2023-08-26 13:01:49,890',-91,94,106
'2023-08-26 13:01:49,984',-91,94,106
'2023-08-26 13:01:50,077',-90,94,106
'2023-08-26 13:01:50,171',-90,94,106
'2023-08-26 13:01:50,265',-90,94,106
'2023-08-26 13:01:50,359',-90,94,106
'2023-08-26 13:01:50,452',-90,94,106
'2023-08-26 13:01:50,546',-91,94,106
'2023-08-26 13:01:50,640',-90,94,106
'2023-08-26 13:01:50,734',-90,94,106
'2023-08-26 13:01:50,827',-90,94,106
'2023-08-26 13:01:50,921',-90,94,106
'2023-08-26 13:01:51,015',-90,94,106
'2023-08-26 13:01:51,109',-90,94,106
'2023-08-26 13:01:51,203',-90,94,106
'2023-08-26 13:01:51,389',-91,95,106
'2023-08-26 13:01:51,484',-91,95,106
'2023-08-26 13:01:51,577',-90,95,106
'2023-08-26 13:01:51,672',-90,95,106
'2023-08-26 13:01:51,765',-91,95,106
'2023-08-26 13:01:51,858',-90,95,106
'2023-08-26 13:01:51,952',-90,95,106
'2023-08-26 13:01:52,046',-91,95,106
'2023-08-26 13:01:52,140',-90,95,106
'2023-08-26 13:01:52,234',-90,95,106
'2023-08-26 13:01:52,327',-90,95,106
'2023-08-26 13:01:52,421',-91,95,106
'2023-08-26 13:01:52,515',-91,95,106
'2023-08-26 13:01:52,609',-90,95,106
'2023-08-26 13:01:52,702',-91,95,106
'2023-08-26 13:01:52,796',-90,95,106
'2023-08-26 13:01:52,890',-90,95,106
'2023-08-26 13:01:52,984',-90,95,106
'2023-08-26 13:01:53,078',-90,95,106
'2023-08-26 13:01:53,171',-91,95,106
'2023-08-26 13:01:53,265',-91,95,106
'2023-08-26 13:01:53,359',-90,95,106
'2023-08-26 13:01:53,453',-91,95,106
'2023-08-26 13:01:53,546',-91,95,106
'2023-08-26 13:01:53,639',-91,95,106
'2023-08-26 13:01:53,734',-91,95,106
'2023-08-26 13:01:53,828',-90,95,106
'2023-08-26 13:01:53,922',-91,95,106
'2023-08-26 13:01:54,014',-91,95,106
'2023-08-26 13:01:54,109',-90,95,106
'2023-08-26 13:01:55,368',-90,95,106
'2023-08-26 13:02:53,296',-102,63,106
'2023-08-26 13:17:12,441',-79,27,106
'2023-08-26 13:17:12,536',-79,27,106
'2023-08-26 13:17:12,630',-79,27,106
'2023-08-26 13:17:12,724',-79,27,106
'2023-08-26 13:17:12,817',-79,27,106
'2023-08-26 13:17:12,911',-80,27,106
'2023-08-26 13:17:13,005',-79,27,106
'2023-08-26 13:17:13,099',-79,27,106
'2023-08-26 13:17:13,192',-80,27,106
'2023-08-26 13:17:13,286',-79,27,106
'2023-08-26 13:17:13,380',-79,27,106
'2023-08-26 13:17:13,474',-79,27,106
'2023-08-26 13:17:13,568',-79,27,106
'2023-08-26 13:17:13,661',-79,27,106
'2023-08-26 13:17:13,755',-79,27,106
'2023-08-26 13:17:13,849',-79,27,106
'2023-08-26 13:17:13,943',-79,27,106
'2023-08-26 13:17:14,035',-79,27,106
'2023-08-26 13:17:14,130',-79,27,106
'2023-08-26 13:17:14,224',-79,27,106
'2023-08-26 13:17:14,411',-79,27,106
'2023-08-26 13:17:14,505',-79,27,106
'2023-08-26 13:17:14,598',-79,27,106
'2023-08-26 13:17:14,692',-79,27,106
'2023-08-26 13:17:14,786',-79,27,106
'2023-08-26 13:17:14,880',-79,27,106
'2023-08-26 13:17:14,974',-79,27,106
'2023-08-26 13:17:15,067',-79,27,106
'2023-08-26 13:17:15,161',-79,27,106
'2023-08-26 13:17:15,255',-79,27,106
'2023-08-26 13:17:15,349',-79,27,106
'2023-08-26 13:17:15,442',-79,27,106
'2023-08-26 13:17:15,536',-79,27,106
'2023-08-26 13:17:15,630',-79,27,106
'2023-08-26 13:17:15,724',-80,27,106
'2023-08-26 13:17:15,817',-79,27,106
'2023-08-26 13:17:15,911',-79,27,106
'2023-08-26 13:17:16,006',-79,27,106
'2023-08-26 13:17:16,099',-79,27,106
'2023-08-26 13:17:16,192',-79,27,106
'2023-08-26 13:17:16,286',-79,27,106
'2023-08-26 13:17:16,380',-79,27,106
'2023-08-26 13:17:16,474',-79,27,106
'2023-08-26 13:17:16,567',-79,27,106
'2023-08-26 13:17:16,661',-79,27,106
'2023-08-26 13:17:16,755',-79,27,106
'2023-08-26 13:17:16,849',-79,27,106
'2023-08-26 13:17:16,942',-79,27,106
'2023-08-26 13:17:17,036',-79,27,106
'2023-08-26 13:17:17,130',-79,27,106
'2023-08-26 13:17:17,224',-79,27,106
'2023-08-26 13:17:17,317',-79,27,106
'2023-08-26 13:17:17,411',-79,27,106
'2023-08-26 13:17:17,505',-79,27,106
'2023-08-26 13:17:17,599',-79,27,106
'2023-08-26 13:17:17,692',-79,27,106
'2023-08-26 13:17:17,786',-79,27,106
'2023-08-26 13:17:17,880',-79,27,106
'2023-08-26 13:17:17,974',-79,27,106
'2023-08-26 13:17:18,067',-79,27,106
'2023-08-26 13:17:18,161',-79,27,106
'2023-08-26 13:17:18,255',-79,27,106
'2023-08-26 13:17:18,349',-79,27,106
'2023-08-26 13:17:18,442',-79,27,106
'2023-08-26 13:17:18,536',-79,27,106
'2023-08-26 13:17:18,630',-79,27,106
'2023-08-26 13:17:18,724',-79,27,106
'2023-08-26 13:17:18,817',-79,27,106
'2023-08-26 13:17:18,911',-79,27,106
'2023-08-26 13:17:19,005',-79,27,106
'2023-08-26 13:17:19,099',-80,27,106
'2023-08-26 13:17:19,192',-79,27,106
'2023-08-26 13:17:19,286',-79,27,106
'2023-08-26 13:17:19,380',-79,27,106
'2023-08-26 13:17:19,474',-79,27,106
'2023-08-26 13:17:19,567',-79,27,106
'2023-08-26 13:17:19,661',-79,27,106
'2023-08-26 13:17:19,755',-79,27,106
'2023-08-26 13:17:19,849',-79,27,106
'2023-08-26 13:17:19,942',-79,27,106
'2023-08-26 13:17:20,036',-79,27,106
'2023-08-26 13:17:20,130',-79,27,106
'2023-08-26 13:17:20,224',-79,27,106
'2023-08-26 13:17:20,317',-79,27,106
'2023-08-26 13:17:20,411',-79,27,106
'2023-08-26 13:17:20,505',-79,27,106
'2023-08-26 13:17:20,599',-79,27,106
'2023-08-26 13:17:20,692',-79,27,106
'2023-08-26 13:17:20,786',-79,27,106
'2023-08-26 13:17:20,880',-79,27,106
'2023-08-26 13:17:20,974',-79,27,106
'2023-08-26 13:17:21,067',-79,27,106
'2023-08-26 13:17:21,161',-79,27,106
'2023-08-26 13:17:21,255',-79,27,106
'2023-08-26 13:17:21,349',-79,27,106
'2023-08-26 13:17:21,442',-80,27,106
'2023-08-26 13:17:21,536',-79,27,106
'2023-08-26 13:17:21,630',-79,27,106
'2023-08-26 13:17:21,724',-79,27,106
'2023-08-26 13:17:22,984',-90,27,106
'2023-08-26 13:17:23,077',-90,27,106
'2023-08-26 13:17:23,170',-90,27,106
'2023-08-26 13:17:23,264',-91,27,106
'2023-08-26 13:17:23,358',-91,27,106
'2023-08-26 13:17:23,452',-90,27,106
'2023-08-26 13:17:23,545',-90,27,106
'2023-08-26 13:17:23,639',-91,27,106
'2023-08-26 13:17:23,733',-91,27,106
'2023-08-26 13:17:23,827',-90,27,106
'2023-08-26 13:17:23,920',-91,27,106
'2023-08-26 13:17:24,014',-90,27,106
'2023-08-26 13:17:24,108',-91,27,106
'2023-08-26 13:17:24,202',-91,27,106
'2023-08-26 13:17:24,296',-90,27,106
'2023-08-26 13:17:24,389',-90,27,106
'2023-08-26 13:17:24,483',-91,27,106
'2023-08-26 13:17:24,577',-90,27,106
'2023-08-26 13:17:24,671',-90,27,106
'2023-08-26 13:17:24,763',-91,27,106
'2023-08-26 13:17:24,857',-91,27,106
'2023-08-26 13:17:24,951',-90,27,106
'2023-08-26 13:17:25,045',-91,27,106
'2023-08-26 13:17:25,139',-90,27,106
'2023-08-26 13:17:25,232',-90,27,106
'2023-08-26 13:17:25,326',-91,27,106
'2023-08-26 13:17:25,420',-90,27,106
'2023-08-26 13:17:25,514',-90,27,106
'2023-08-26 13:17:25,608',-90,27,106
'2023-08-26 13:17:25,701',-91,27,106
'2023-08-26 13:17:25,795',-90,27,106
'2023-08-26 13:17:25,889',-90,27,106
'2023-08-26 13:17:25,983',-90,27,106
'2023-08-26 13:17:26,077',-90,27,106
'2023-08-26 13:17:26,170',-90,27,106
'2023-08-26 13:17:26,264',-91,27,106
'2023-08-26 13:17:26,358',-90,27,106
'2023-08-26 13:17:26,452',-90,27,106
'2023-08-26 13:17:26,546',-90,27,106
'2023-08-26 13:17:26,639',-91,27,106
'2023-08-26 13:17:26,733',-90,27,106
'2023-08-26 13:17:26,827',-90,27,106
'2023-08-26 13:17:26,920',-90,27,106
'2023-08-26 13:17:27,013',-90,27,106
'2023-08-26 13:17:27,107',-91,27,106
'2023-08-26 13:17:27,202',-91,27,106
'2023-08-26 13:17:27,295',-91,27,106
'2023-08-26 13:17:27,389',-91,27,106
'2023-08-26 13:17:27,577',-91,95,106
'2023-08-26 13:17:27,670',-91,95,106
'2023-08-26 13:17:27,764',-91,95,106
'2023-08-26 13:17:27,858',-91,95,106
'2023-08-26 13:17:27,952',-90,95,106
'2023-08-26 13:17:28,045',-91,95,106
'2023-08-26 13:17:28,139',-91,95,106
'2023-08-26 13:17:28,233',-91,95,106
'2023-08-26 13:17:28,327',-91,95,106
'2023-08-26 13:17:28,421',-90,95,106
'2023-08-26 13:17:28,514',-90,95,106
'2023-08-26 13:17:28,608',-90,95,106
'2023-08-26 13:17:28,702',-90,95,106
'2023-08-26 13:17:28,796',-91,95,106
'2023-08-26 13:17:28,888',-90,95,106
'2023-08-26 13:17:28,983',-91,95,106
'2023-08-26 13:17:29,077',-91,95,106
'2023-08-26 13:17:29,170',-90,95,106
'2023-08-26 13:17:29,264',-90,95,106
'2023-08-26 13:17:29,358',-91,95,106
'2023-08-26 13:17:29,451',-90,95,106
'2023-08-26 13:17:29,545',-91,95,106
'2023-08-26 13:17:29,639',-91,95,106
'2023-08-26 13:17:29,733',-90,95,106
'2023-08-26 13:17:29,827',-90,95,106
'2023-08-26 13:17:29,920',-91,95,106
'2023-08-26 13:17:30,014',-90,95,106
'2023-08-26 13:17:30,108',-91,95,106
'2023-08-26 13:17:30,202',-91,95,106
'2023-08-26 13:17:30,295',-90,95,106
'2023-08-26 13:17:30,389',-91,95,106
'2023-08-26 13:17:30,483',-90,95,106
'2023-08-26 13:17:30,577',-91,95,106
'2023-08-26 13:17:30,671',-90,95,106
'2023-08-26 13:17:30,764',-90,95,106
'2023-08-26 13:17:30,858',-90,95,106
'2023-08-26 13:17:30,952',-90,95,106
'2023-08-26 13:17:31,045',-90,95,106
'2023-08-26 13:17:31,138',-91,95,106
'2023-08-26 13:17:31,232',-91,95,106
'2023-08-26 13:17:31,326',-90,95,106
'2023-08-26 13:17:31,420',-90,95,106
'2023-08-26 13:17:31,514',-90,95,106
'2023-08-26 13:17:31,608',-91,95,106
'2023-08-26 13:17:31,701',-91,95,106
'2023-08-26 13:17:31,795',-90,95,106
'2023-08-26 13:17:31,889',-90,95,106
'2023-08-26 13:17:31,983',-91,95,106
'2023-08-26 13:17:32,077',-90,95,106
'2023-08-26 13:17:32,170',-91,95,106
'2023-08-26 13:17:32,265',-91,95,106
'2023-08-26 13:17:33,527',-91,95,106
'2023-08-26 13:18:26,816',-102,65,106
'2023-08-26 13:18:29,254',-101,48,106
'2023-08-26 13:18:34,597',-102,56,106
'2023-08-26 16:31:17,732',-79,29,106
'2023-08-26 16:31:17,823',-80,29,106
'2023-08-26 16:31:17,917',-80,29,106
'2023-08-26 16:31:18,010',-79,29,106
'2023-08-26 16:31:18,104',-80,29,106
'2023-08-26 16:31:18,198',-79,29,106
'2023-08-26 16:31:18,292',-79,29,106
'2023-08-26 16:31:18,386',-79,29,106
'2023-08-26 16:31:18,478',-79,29,106
'2023-08-26 16:31:18,573',-79,29,106
'2023-08-26 16:31:18,666',-79,29,106
'2023-08-26 16:31:18,760',-79,29,106
'2023-08-26 16:31:18,854',-79,29,106
'2023-08-26 16:31:18,947',-79,29,106
'2023-08-26 16:31:19,041',-79,29,106
'2023-08-26 16:31:19,135',-79,29,106
'2023-08-26 16:31:19,229',-79,29,106
'2023-08-26 16:31:19,323',-79,29,106
'2023-08-26 16:31:19,416',-79,29,106
'2023-08-26 16:31:19,510',-79,29,106
'2023-08-26 16:31:19,604',-79,29,106
'2023-08-26 16:31:19,698',-79,29,106
'2023-08-26 16:31:19,792',-79,29,106
'2023-08-26 16:31:19,885',-79,29,106
'2023-08-26 16:31:19,979',-79,29,106
'2023-08-26 16:31:20,073',-79,29,106
'2023-08-26 16:31:20,167',-80,29,106
'2023-08-26 16:31:20,260',-79,29,106
'2023-08-26 16:31:20,354',-79,29,106
'2023-08-26 16:31:20,448',-79,29,106
'2023-08-26 16:31:20,542',-79,29,106
'2023-08-26 16:31:20,636',-79,29,106
'2023-08-26 16:31:20,728',-79,29,106
'2023-08-26 16:31:20,822',-79,29,106
'2023-08-26 16:31:20,916',-79,29,106
'2023-08-26 16:31:21,010',-80,29,106
'2023-08-26 16:31:21,105',-79,29,106
'2023-08-26 16:31:21,197',-79,29,106
'2023-08-26 16:31:21,291',-79,29,106
'2023-08-26 16:31:21,385',-79,29,106
'2023-08-26 16:31:21,479',-79,29,106
'2023-08-26 16:31:21,573',-78,29,106
'2023-08-26 16:31:21,666',-79,29,106
'2023-08-26 16:31:21,760',-79,29,106
'2023-08-26 16:31:21,854',-79,29,106
'2023-08-26 16:31:21,948',-79,29,106
'2023-08-26 16:31:22,042',-79,29,106
'2023-08-26 16:31:22,135',-79,29,106
'2023-08-26 16:31:22,229',-79,29,106
'2023-08-26 16:31:22,323',-79,29,106
'2023-08-26 16:31:22,417',-79,29,106
'2023-08-26 16:31:22,510',-79,29,106
'2023-08-26 16:31:22,604',-79,29,106
'2023-08-26 16:31:22,698',-80,29,106
'2023-08-26 16:31:22,792',-80,29,106
'2023-08-26 16:31:22,886',-79,29,106
'2023-08-26 16:31:22,978',-79,29,106
'2023-08-26 16:31:23,073',-79,29,106
'2023-08-26 16:31:23,167',-79,29,106
'2023-08-26 16:31:23,261',-80,29,106
'2023-08-26 16:31:23,355',-79,29,106
'2023-08-26 16:31:23,447',-79,29,106
'2023-08-26 16:31:23,541',-79,29,106
'2023-08-26 16:31:23,635',-79,29,106
'2023-08-26 16:31:23,729',-79,29,106
'2023-08-26 16:31:23,823',-79,29,106
'2023-08-26 16:31:23,916',-79,29,106
'2023-08-26 16:31:24,010',-79,29,106
'2023-08-26 16:31:24,104',-79,29,106
'2023-08-26 16:31:24,198',-79,29,106
'2023-08-26 16:31:24,292',-79,29,106
'2023-08-26 16:31:24,385',-79,29,106
'2023-08-26 16:31:24,479',-79,29,106
'2023-08-26 16:31:24,573',-79,29,106
'2023-08-26 16:31:24,667',-80,29,106
'2023-08-26 16:31:24,760',-79,29,106
'2023-08-26 16:31:24,854',-79,29,106
'2023-08-26 16:31:24,948',-79,29,106
'2023-08-26 16:31:25,042',-79,29,106
'2023-08-26 16:31:25,136',-79,29,106
'2023-08-26 16:31:25,229',-79,29,106
'2023-08-26 16:31:25,322',-79,29,106
'2023-08-26 16:31:25,416',-79,29,106
'2023-08-26 16:31:25,510',-80,29,106
'2023-08-26 16:31:25,604',-79,29,106
'2023-08-26 16:31:25,697',-79,29,106
'2023-08-26 16:31:25,791',-79,29,106
'2023-08-26 16:31:25,885',-79,29,106
'2023-08-26 16:31:25,979',-79,29,106
'2023-08-26 16:31:26,073',-79,29,106
'2023-08-26 16:31:26,166',-79,29,106
'2023-08-26 16:31:26,260',-79,29,106
'2023-08-26 16:31:26,354',-79,29,106
'2023-08-26 16:31:26,448',-79,29,106
'2023-08-26 16:31:26,542',-79,29,106
'2023-08-26 16:31:26,635',-79,29,106
'2023-08-26 16:31:26,729',-79,29,106
'2023-08-26 16:31:26,823',-79,29,106
'2023-08-26 16:31:26,917',-79,29,106
'2023-08-26 16:31:27,011',-79,29,106
'2023-08-26 16:31:28,285',-90,29,106
'2023-08-26 16:31:28,377',-90,29,106
'2023-08-26 16:31:28,471',-90,29,106
'2023-08-26 16:31:28,565',-90,29,106
'2023-08-26 16:31:28,659',-90,29,106
'2023-08-26 16:31:28,751',-90,29,106
'2023-08-26 16:31:28,845',-90,29,106
'2023-08-26 16:31:28,939',-90,29,106
'2023-08-26 16:31:29,034',-90,29,106
'2023-08-26 16:31:29,128',-90,29,106
'2023-08-26 16:31:29,222',-90,29,106
'2023-08-26 16:31:29,314',-90,29,106
'2023-08-26 16:31:29,408',-90,29,106
'2023-08-26 16:31:29,502',-90,29,106
'2023-08-26 16:31:29,596',-90,29,106
'2023-08-26 16:31:29,690',-90,29,106
'2023-08-26 16:31:29,783',-90,29,106
'2023-08-26 16:31:29,877',-90,29,106
'2023-08-26 16:31:29,971',-90,29,106
'2023-08-26 16:31:30,065',-90,29,106
'2023-08-26 16:31:30,159',-90,29,106
'2023-08-26 16:31:30,252',-90,29,106
'2023-08-26 16:31:30,346',-90,29,106
'2023-08-26 16:31:30,440',-90,29,106
'2023-08-26 16:31:30,534',-90,29,106
'2023-08-26 16:31:30,627',-90,29,106
'2023-08-26 16:31:30,721',-90,29,106
'2023-08-26 16:31:30,815',-90,29,106
'2023-08-26 16:31:30,909',-90,29,106
'2023-08-26 16:31:31,003',-90,29,106
'2023-08-26 16:31:31,096',-90,29,106
'2023-08-26 16:31:31,190',-90,29,106
'2023-08-26 16:31:31,284',-90,29,106
'2023-08-26 16:31:31,378',-90,29,106
'2023-08-26 16:31:31,472',-90,29,106
'2023-08-26 16:31:31,565',-90,29,106
'2023-08-26 16:31:31,658',-90,29,106
'2023-08-26 16:31:31,752',-90,29,106
'2023-08-26 16:31:31,846',-90,29,106
'2023-08-26 16:31:31,940',-90,29,106
'2023-08-26 16:31:32,033',-90,29,106
'2023-08-26 16:31:32,127',-90,29,106
'2023-08-26 16:31:32,221',-90,29,106
'2023-08-26 16:31:32,315',-90,29,106
'2023-08-26 16:31:32,409',-90,29,106
'2023-08-26 16:31:32,502',-90,29,106
'2023-08-26 16:31:32,596',-90,29,106
'2023-08-26 16:31:32,690',-90,29,106
'2023-08-26 16:31:32,784',-90,29,106
'2023-08-26 16:31:32,877',-90,29,106
'2023-08-26 16:31:32,971',-90,29,106
'2023-08-26 16:31:33,065',-90,29,106
'2023-08-26 16:31:33,159',-90,29,106
'2023-08-26 16:31:33,254',-90,29,106
'2023-08-26 16:31:33,346',-90,29,106
'2023-08-26 16:31:33,440',-90,29,106
'2023-08-26 16:31:33,534',-90,29,106
'2023-08-26 16:31:33,628',-90,29,106
'2023-08-26 16:31:33,722',-90,29,106
'2023-08-26 16:31:33,814',-90,29,106
'2023-08-26 16:31:33,908',-90,29,106
'2023-08-26 16:31:34,002',-90,29,106
'2023-08-26 16:31:34,097',-90,29,106
'2023-08-26 16:31:34,191',-90,29,106
'2023-08-26 16:31:34,283',-90,29,106
'2023-08-26 16:31:34,377',-90,29,106
'2023-08-26 16:31:34,471',-90,29,106
'2023-08-26 16:31:34,565',-90,29,106
'2023-08-26 16:31:34,659',-90,29,106
'2023-08-26 16:31:34,752',-90,29,106
'2023-08-26 16:31:34,846',-90,29,106
'2023-08-26 16:31:34,940',-90,29,106
'2023-08-26 16:31:35,034',-90,29,106
'2023-08-26 16:31:35,221',-90,29,106
'2023-08-26 16:31:35,315',-90,29,106
'2023-08-26 16:31:35,409',-90,29,106
'2023-08-26 16:31:35,503',-91,29,106
'2023-08-26 16:31:35,595',-90,29,106
'2023-08-26 16:31:35,690',-90,29,106
'2023-08-26 16:31:35,784',-90,29,106
'2023-08-26 16:31:35,877',-90,29,106
'2023-08-26 16:31:35,971',-90,29,106
'2023-08-26 16:31:36,064',-90,29,106
'2023-08-26 16:31:36,158',-90,29,106
'2023-08-26 16:31:36,252',-90,29,106
'2023-08-26 16:31:36,346',-90,29,106
'2023-08-26 16:31:36,440',-90,29,106
'2023-08-26 16:31:36,533',-90,29,106
'2023-08-26 16:31:36,627',-90,29,106
'2023-08-26 16:31:36,721',-90,29,106
'2023-08-26 16:31:36,815',-90,29,106
'2023-08-26 16:31:36,909',-90,29,106
'2023-08-26 16:31:37,002',-90,29,106
'2023-08-26 16:31:37,096',-90,29,106
'2023-08-26 16:31:37,190',-90,29,106
'2023-08-26 16:31:37,284',-90,29,106
'2023-08-26 16:31:37,377',-90,29,106
'2023-08-26 16:31:37,471',-90,29,106
'2023-08-26 16:31:37,566',-90,29,106
'2023-08-26 16:31:38,831',-90,29,106
'2023-08-26 16:46:55,520',-80,56,106
'2023-08-26 16:46:55,609',-79,56,106
'2023-08-26 16:46:55,703',-79,56,106
'2023-08-26 16:46:55,795',-79,56,106
'2023-08-26 16:46:55,889',-79,56,106
'2023-08-26 16:46:55,983',-79,56,106
'2023-08-26 16:46:56,078',-80,56,106
'2023-08-26 16:46:56,171',-79,56,106
'2023-08-26 16:46:56,264',-79,56,106
'2023-08-26 16:46:56,358',-79,56,106
'2023-08-26 16:46:56,452',-79,56,106
'2023-08-26 16:46:56,546',-80,56,106
'2023-08-26 16:46:56,640',-79,56,106
'2023-08-26 16:46:56,734',-79,56,106
'2023-08-26 16:46:56,827',-79,56,106
'2023-08-26 16:46:56,921',-79,56,106
'2023-08-26 16:46:57,015',-79,56,106
'2023-08-26 16:46:57,109',-79,56,106
'2023-08-26 16:46:57,202',-79,56,106
'2023-08-26 16:46:57,296',-79,56,106
'2023-08-26 16:46:57,390',-79,56,106
'2023-08-26 16:46:57,484',-79,56,106
'2023-08-26 16:46:57,577',-79,56,106
'2023-08-26 16:46:57,671',-79,56,106
'2023-08-26 16:46:57,765',-79,56,106
'2023-08-26 16:46:57,859',-79,56,106
'2023-08-26 16:46:57,952',-79,56,106
'2023-08-26 16:46:58,046',-79,56,106
'2023-08-26 16:46:58,140',-79,56,106
'2023-08-26 16:46:58,234',-79,56,106
'2023-08-26 16:46:58,327',-79,56,106
'2023-08-26 16:46:58,421',-79,56,106
'2023-08-26 16:46:58,515',-79,56,106
'2023-08-26 16:46:58,609',-79,56,106
'2023-08-26 16:46:58,702',-79,56,106
'2023-08-26 16:46:58,796',-79,56,106
'2023-08-26 16:46:58,890',-79,56,106
'2023-08-26 16:46:58,984',-80,56,106
'2023-08-26 16:46:59,077',-79,56,106
'2023-08-26 16:46:59,171',-79,56,106
'2023-08-26 16:46:59,265',-79,56,106
'2023-08-26 16:46:59,359',-79,56,106
'2023-08-26 16:46:59,452',-79,56,106
'2023-08-26 16:46:59,546',-79,56,106
'2023-08-26 16:46:59,640',-79,56,106
'2023-08-26 16:46:59,734',-79,56,106
'2023-08-26 16:46:59,827',-79,56,106
'2023-08-26 16:46:59,921',-79,56,106
'2023-08-26 16:47:00,015',-79,56,106
'2023-08-26 16:47:00,109',-79,56,106
'2023-08-26 16:47:00,202',-79,56,106
'2023-08-26 16:47:00,296',-79,56,106
'2023-08-26 16:47:00,390',-79,56,106
'2023-08-26 16:47:00,484',-79,56,106
'2023-08-26 16:47:00,577',-79,56,106
'2023-08-26 16:47:00,671',-79,56,106
'2023-08-26 16:47:00,765',-80,56,106
'2023-08-26 16:47:00,859',-79,56,106
'2023-08-26 16:47:00,952',-79,56,106
'2023-08-26 16:47:01,046',-80,56,106
'2023-08-26 16:47:01,140',-79,56,106
'2023-08-26 16:47:01,234',-79,56,106
'2023-08-26 16:47:01,327',-79,56,106
'2023-08-26 16:47:01,421',-79,56,106
'2023-08-26 16:47:01,515',-79,56,106
'2023-08-26 16:47:01,609',-79,56,106
'2023-08-26 16:47:01,702',-79,56,106
'2023-08-26 16:47:01,796',-79,56,106
'2023-08-26 16:47:01,890',-79,56,106
'2023-08-26 16:47:01,984',-79,56,106
'2023-08-26 16:47:02,077',-79,56,106
'2023-08-26 16:47:02,171',-79,56,106
'2023-08-26 16:47:02,265',-79,56,106
'2023-08-26 16:47:02,359',-79,56,106
'2023-08-26 16:47:02,452',-79,56,106
'2023-08-26 16:47:02,546',-79,56,106
'2023-08-26 16:47:02,640',-79,56,106
'2023-08-26 16:47:02,734',-79,56,106
'2023-08-26 16:47:02,827',-79,56,106
'2023-08-26 16:47:02,921',-79,56,106
'2023-08-26 16:47:03,015',-79,56,106
'2023-08-26 16:47:03,109',-79,56,106
'2023-08-26 16:47:03,202',-79,56,106
'2023-08-26 16:47:03,296',-79,56,106
'2023-08-26 16:47:03,390',-80,56,106
'2023-08-26 16:47:03,484',-79,56,106
'2023-08-26 16:47:03,577',-79,56,106
'2023-08-26 16:47:03,671',-79,56,106
'2023-08-26 16:47:03,765',-79,56,106
'2023-08-26 16:47:03,859',-79,56,106
'2023-08-26 16:47:03,952',-80,56,106
'2023-08-26 16:47:04,046',-79,56,106
'2023-08-26 16:47:04,140',-79,56,106
'2023-08-26 16:47:04,234',-79,56,106
'2023-08-26 16:47:04,327',-79,56,106
'2023-08-26 16:47:04,421',-79,56,106
'2023-08-26 16:47:04,515',-79,56,106
'2023-08-26 16:47:04,609',-79,56,106
'2023-08-26 16:47:04,702',-79,56,106
'2023-08-26 16:47:04,797',-79,56,106
'2023-08-26 16:47:06,049',-90,56,106
'2023-08-26 16:47:06,143',-90,56,106
'2023-08-26 16:47:06,237',-90,56,106
'2023-08-26 16:47:06,423',-90,97,106
'2023-08-26 16:47:06,517',-90,97,106
'2023-08-26 16:47:06,611',-90,97,106
'2023-08-26 16:47:06,705',-90,97,106
'2023-08-26 16:47:06,799',-90,97,106
'2023-08-26 16:47:06,892',-90,97,106
'2023-08-26 16:47:06,986',-90,97,106
'2023-08-26 16:47:07,080',-90,97,106
'2023-08-26 16:47:07,174',-90,97,106
'2023-08-26 16:47:07,268',-90,97,106
'2023-08-26 16:47:07,361',-90,97,106
'2023-08-26 16:47:07,455',-90,97,106
'2023-08-26 16:47:07,549',-90,97,106
'2023-08-26 16:47:07,643',-90,97,106
'2023-08-26 16:47:07,736',-90,97,106
'2023-08-26 16:47:07,830',-91,97,106
'2023-08-26 16:47:07,924',-90,97,106
'2023-08-26 16:47:08,018',-90,97,106
'2023-08-26 16:47:08,111',-90,97,106
'2023-08-26 16:47:08,205',-90,97,106
'2023-08-26 16:47:08,299',-90,97,106
'2023-08-26 16:47:08,393',-91,97,106
'2023-08-26 16:47:08,486',-90,97,106
'2023-08-26 16:47:08,580',-90,97,106
'2023-08-26 16:47:08,674',-90,97,106
'2023-08-26 16:47:08,768',-90,97,106
'2023-08-26 16:47:08,861',-90,97,106
'2023-08-26 16:47:08,955',-90,97,106
'2023-08-26 16:47:09,049',-90,97,106
'2023-08-26 16:47:09,143',-90,97,106
'2023-08-26 16:47:09,236',-90,97,106
'2023-08-26 16:47:09,330',-90,97,106
'2023-08-26 16:47:09,424',-90,97,106
'2023-08-26 16:47:09,518',-91,97,106
'2023-08-26 16:47:09,611',-90,97,106
'2023-08-26 16:47:09,705',-91,97,106
'2023-08-26 16:47:09,799',-90,97,106
'2023-08-26 16:47:09,893',-90,97,106
'2023-08-26 16:47:09,986',-90,97,106
'2023-08-26 16:47:10,080',-90,97,106
'2023-08-26 16:47:10,174',-90,97,106
'2023-08-26 16:47:10,268',-90,97,106
'2023-08-26 16:47:10,361',-90,97,106
'2023-08-26 16:47:10,455',-90,97,106
'2023-08-26 16:47:10,549',-90,97,106
'2023-08-26 16:47:10,643',-90,97,106
'2023-08-26 16:47:10,736',-90,97,106
'2023-08-26 16:47:10,830',-90,97,106
'2023-08-26 16:47:10,924',-90,97,106
'2023-08-26 16:47:11,018',-90,97,106
'2023-08-26 16:47:11,111',-90,97,106
'2023-08-26 16:47:11,205',-90,97,106
'2023-08-26 16:47:11,299',-90,97,106
'2023-08-26 16:47:11,393',-90,97,106
'2023-08-26 16:47:11,486',-90,97,106
'2023-08-26 16:47:11,580',-90,97,106
'2023-08-26 16:47:11,674',-90,97,106
'2023-08-26 16:47:11,768',-90,97,106
'2023-08-26 16:47:11,861',-90,97,106
'2023-08-26 16:47:11,955',-90,97,106
'2023-08-26 16:47:12,143',-90,95,106
'2023-08-26 16:47:12,237',-91,95,106
'2023-08-26 16:47:12,330',-90,95,106
'2023-08-26 16:47:12,424',-90,95,106
'2023-08-26 16:47:12,518',-90,95,106
'2023-08-26 16:47:12,612',-90,95,106
'2023-08-26 16:47:12,706',-90,95,106
'2023-08-26 16:47:12,798',-90,95,106
'2023-08-26 16:47:12,892',-90,95,106
'2023-08-26 16:47:12,986',-90,95,106
'2023-08-26 16:47:13,080',-90,95,106
'2023-08-26 16:47:13,174',-90,95,106
'2023-08-26 16:47:13,267',-90,95,106
'2023-08-26 16:47:13,362',-91,95,106
'2023-08-26 16:47:13,455',-90,95,106
'2023-08-26 16:47:13,549',-90,95,106
'2023-08-26 16:47:13,643',-90,95,106
'2023-08-26 16:47:13,736',-90,95,106
'2023-08-26 16:47:13,830',-90,95,106
'2023-08-26 16:47:13,924',-90,95,106
'2023-08-26 16:47:14,018',-90,95,106
'2023-08-26 16:47:14,111',-90,95,106
'2023-08-26 16:47:14,205',-90,95,106
'2023-08-26 16:47:14,299',-90,95,106
'2023-08-26 16:47:14,393',-90,95,106
'2023-08-26 16:47:14,486',-90,95,106
'2023-08-26 16:47:14,580',-90,95,106
'2023-08-26 16:47:14,674',-90,95,106
'2023-08-26 16:47:14,768',-90,95,106
'2023-08-26 16:47:14,861',-90,95,106
'2023-08-26 16:47:14,955',-91,95,106
'2023-08-26 16:47:15,049',-90,95,106
'2023-08-26 16:47:15,143',-90,95,106
'2023-08-26 16:47:15,236',-91,95,106
'2023-08-26 16:47:15,331',-90,95,106
'2023-08-26 16:47:16,592',-90,95,106
'2023-08-26 16:48:11,148',-102,54,106
'2023-08-26 17:02:33,303',-79,53,106
'2023-08-26 17:02:33,395',-79,53,106
'2023-08-26 17:02:33,489',-79,53,106
'2023-08-26 17:02:33,581',-79,53,106
'2023-08-26 17:02:33,675',-79,53,106
'2023-08-26 17:02:33,769',-80,53,106
'2023-08-26 17:02:33,863',-79,53,106
'2023-08-26 17:02:33,957',-79,53,106
'2023-08-26 17:02:34,050',-79,53,106
'2023-08-26 17:02:34,144',-79,53,106
'2023-08-26 17:02:34,238',-79,53,106
'2023-08-26 17:02:34,332',-79,53,106
'2023-08-26 17:02:34,426',-79,53,106
'2023-08-26 17:02:34,519',-79,53,106
'2023-08-26 17:02:34,613',-79,53,106
'2023-08-26 17:02:34,707',-79,53,106
'2023-08-26 17:02:34,801',-79,53,106
'2023-08-26 17:02:34,895',-79,53,106
'2023-08-26 17:02:34,988',-79,53,106
'2023-08-26 17:02:35,082',-79,53,106
'2023-08-26 17:02:35,176',-79,53,106
'2023-08-26 17:02:35,270',-79,53,106
'2023-08-26 17:02:35,363',-79,53,106
'2023-08-26 17:02:35,457',-79,53,106
'2023-08-26 17:02:35,551',-79,53,106
'2023-08-26 17:02:35,645',-79,53,106
'2023-08-26 17:02:35,738',-79,53,106
'2023-08-26 17:02:35,832',-79,53,106
'2023-08-26 17:02:35,926',-79,53,106
'2023-08-26 17:02:36,020',-79,53,106
'2023-08-26 17:02:36,113',-79,53,106
'2023-08-26 17:02:36,207',-79,53,106
'2023-08-26 17:02:36,301',-79,53,106
'2023-08-26 17:02:36,395',-79,53,106
'2023-08-26 17:02:36,488',-79,53,106
'2023-08-26 17:02:36,582',-79,53,106
'2023-08-26 17:02:36,676',-79,53,106
'2023-08-26 17:02:36,770',-79,53,106
'2023-08-26 17:02:36,863',-79,53,106
'2023-08-26 17:02:36,957',-79,53,106
'2023-08-26 17:02:37,051',-79,53,106
'2023-08-26 17:02:37,145',-79,53,106
'2023-08-26 17:02:37,238',-79,53,106
'2023-08-26 17:02:37,332',-79,53,106
'2023-08-26 17:02:37,426',-79,53,106
'2023-08-26 17:02:37,520',-79,53,106
'2023-08-26 17:02:37,613',-79,53,106
'2023-08-26 17:02:37,707',-79,53,106
'2023-08-26 17:02:37,801',-79,53,106
'2023-08-26 17:02:37,895',-79,53,106
'2023-08-26 17:02:37,988',-79,53,106
'2023-08-26 17:02:38,082',-79,53,106
'2023-08-26 17:02:38,176',-79,53,106
'2023-08-26 17:02:38,270',-79,53,106
'2023-08-26 17:02:38,363',-79,53,106
'2023-08-26 17:02:38,457',-79,53,106
'2023-08-26 17:02:38,551',-79,53,106
'2023-08-26 17:02:38,645',-79,53,106
'2023-08-26 17:02:38,738',-79,53,106
'2023-08-26 17:02:38,832',-79,53,106
'2023-08-26 17:02:38,926',-79,53,106
'2023-08-26 17:02:39,020',-79,53,106
'2023-08-26 17:02:39,113',-79,53,106
'2023-08-26 17:02:39,207',-79,53,106
'2023-08-26 17:02:39,301',-79,53,106
'2023-08-26 17:02:39,395',-79,53,106
'2023-08-26 17:02:39,488',-79,53,106
'2023-08-26 17:02:39,582',-79,53,106
'2023-08-26 17:02:39,676',-79,53,106
'2023-08-26 17:02:39,770',-79,53,106
'2023-08-26 17:02:39,863',-79,53,106
'2023-08-26 17:02:39,957',-79,53,106
'2023-08-26 17:02:40,051',-80,53,106
'2023-08-26 17:02:40,145',-79,53,106
'2023-08-26 17:02:40,238',-79,53,106
'2023-08-26 17:02:40,332',-79,53,106
'2023-08-26 17:02:40,426',-79,53,106
'2023-08-26 17:02:40,520',-79,53,106
'2023-08-26 17:02:40,613',-79,53,106
'2023-08-26 17:02:40,707',-79,53,106
'2023-08-26 17:02:40,801',-79,53,106
'2023-08-26 17:02:40,895',-79,53,106
'2023-08-26 17:02:40,988',-79,53,106
'2023-08-26 17:02:41,082',-79,53,106
'2023-08-26 17:02:41,176',-79,53,106
'2023-08-26 17:02:41,270',-79,53,106
'2023-08-26 17:02:41,363',-79,53,106
'2023-08-26 17:02:41,457',-79,53,106
'2023-08-26 17:02:41,551',-79,53,106
'2023-08-26 17:02:41,645',-80,53,106
'2023-08-26 17:02:41,738',-79,53,106
'2023-08-26 17:02:41,832',-79,53,106
'2023-08-26 17:02:41,926',-79,53,106
'2023-08-26 17:02:42,020',-79,53,106
'2023-08-26 17:02:42,113',-79,53,106
'2023-08-26 17:02:42,207',-79,53,106
'2023-08-26 17:02:42,301',-79,53,106
'2023-08-26 17:02:42,395',-79,53,106
'2023-08-26 17:02:42,488',-79,53,106
'2023-08-26 17:02:42,583',-79,53,106
'2023-08-26 17:02:43,856',-91,53,106
'2023-08-26 17:02:43,946',-91,53,106
'2023-08-26 17:02:44,040',-90,53,106
'2023-08-26 17:02:44,134',-90,53,106
'2023-08-26 17:02:44,228',-90,53,106
'2023-08-26 17:02:44,322',-90,53,106
'2023-08-26 17:02:44,416',-90,53,106
'2023-08-26 17:02:44,509',-90,53,106
'2023-08-26 17:02:44,603',-91,53,106
'2023-08-26 17:02:44,697',-91,53,106
'2023-08-26 17:02:44,791',-90,53,106
'2023-08-26 17:02:44,885',-90,53,106
'2023-08-26 17:02:44,978',-90,53,106
'2023-08-26 17:02:45,072',-90,53,106
'2023-08-26 17:02:45,166',-90,53,106
'2023-08-26 17:02:45,260',-90,53,106
'2023-08-26 17:02:45,353',-91,53,106
'2023-08-26 17:02:45,447',-90,53,106
'2023-08-26 17:02:45,541',-91,53,106
'2023-08-26 17:02:45,635',-91,53,106
'2023-08-26 17:02:45,728',-90,53,106
'2023-08-26 17:02:45,822',-91,53,106
'2023-08-26 17:02:45,916',-90,53,106
'2023-08-26 17:02:46,010',-91,53,106
'2023-08-26 17:02:46,103',-90,53,106
'2023-08-26 17:02:46,197',-90,53,106
'2023-08-26 17:02:46,291',-90,53,106
'2023-08-26 17:02:46,385',-91,53,106
'2023-08-26 17:02:46,478',-90,53,106
'2023-08-26 17:02:46,572',-90,53,106
'2023-08-26 17:02:46,666',-90,53,106
'2023-08-26 17:02:46,760',-90,53,106
'2023-08-26 17:02:46,853',-91,53,106
'2023-08-26 17:02:46,947',-91,53,106
'2023-08-26 17:02:47,041',-91,53,106
'2023-08-26 17:02:47,135',-91,53,106
'2023-08-26 17:02:47,229',-90,53,106
'2023-08-26 17:02:47,322',-91,53,106
'2023-08-26 17:02:47,416',-90,53,106
'2023-08-26 17:02:47,510',-90,53,106
'2023-08-26 17:02:47,604',-90,53,106
'2023-08-26 17:02:47,790',-90,53,106
'2023-08-26 17:02:47,884',-90,53,106
'2023-08-26 17:02:47,978',-90,53,106
'2023-08-26 17:02:48,072',-90,53,106
'2023-08-26 17:02:48,166',-90,53,106
'2023-08-26 17:02:48,259',-90,53,106
'2023-08-26 17:02:48,353',-90,53,106
'2023-08-26 17:02:48,447',-90,53,106
'2023-08-26 17:02:48,541',-90,53,106
'2023-08-26 17:02:48,635',-91,53,106
'2023-08-26 17:02:48,728',-90,53,106
'2023-08-26 17:02:48,822',-90,53,106
'2023-08-26 17:02:48,916',-90,53,106
'2023-08-26 17:02:49,010',-90,53,106
'2023-08-26 17:02:49,104',-91,53,106
'2023-08-26 17:02:49,196',-90,53,106
'2023-08-26 17:02:49,291',-91,53,106
'2023-08-26 17:02:49,385',-90,53,106
'2023-08-26 17:02:49,479',-91,53,106
'2023-08-26 17:02:49,572',-90,53,106
'2023-08-26 17:02:49,665',-90,53,106
'2023-08-26 17:02:49,759',-91,53,106
'2023-08-26 17:02:49,853',-90,53,106
'2023-08-26 17:02:49,947',-91,53,106
'2023-08-26 17:02:50,040',-91,53,106
'2023-08-26 17:02:50,134',-91,53,106
'2023-08-26 17:02:50,230',-90,53,106
'2023-08-26 17:02:50,322',-90,53,106
'2023-08-26 17:02:50,416',-90,53,106
'2023-08-26 17:02:50,509',-90,53,106
'2023-08-26 17:02:50,603',-90,53,106
'2023-08-26 17:02:50,697',-91,53,106
'2023-08-26 17:02:50,791',-91,53,106
'2023-08-26 17:02:50,885',-90,53,106
'2023-08-26 17:02:50,978',-90,53,106
'2023-08-26 17:02:51,072',-91,53,106
'2023-08-26 17:02:51,166',-90,53,106
'2023-08-26 17:02:51,260',-91,53,106
'2023-08-26 17:02:51,354',-90,53,106
'2023-08-26 17:02:51,446',-91,53,106
'2023-08-26 17:02:51,540',-91,53,106
'2023-08-26 17:02:51,635',-91,53,106
'2023-08-26 17:02:51,729',-90,53,106
'2023-08-26 17:02:51,823',-90,53,106
'2023-08-26 17:02:51,916',-91,53,106
'2023-08-26 17:02:52,009',-90,53,106
'2023-08-26 17:02:52,103',-90,53,106
'2023-08-26 17:02:52,197',-91,53,106
'2023-08-26 17:02:52,290',-90,53,106
'2023-08-26 17:02:52,384',-90,53,106
'2023-08-26 17:02:52,478',-90,53,106
'2023-08-26 17:02:52,572',-90,53,106
'2023-08-26 17:02:52,666',-90,53,106
'2023-08-26 17:02:52,759',-91,53,106
'2023-08-26 17:02:52,853',-90,53,106
'2023-08-26 17:02:52,947',-90,53,106
'2023-08-26 17:02:53,041',-90,53,106
'2023-08-26 17:02:53,135',-90,53,106
'2023-08-26 17:02:54,386',-90,53,106
'2023-08-26 17:03:51,348',-102,66,106
'2023-08-26 17:18:11,207',-79,56,106
'2023-08-26 17:18:11,297',-79,56,106
'2023-08-26 17:18:11,391',-79,56,106
'2023-08-26 17:18:11,485',-79,56,106
'2023-08-26 17:18:11,579',-79,56,106
'2023-08-26 17:18:11,672',-79,56,106
'2023-08-26 17:18:11,766',-79,56,106
'2023-08-26 17:18:11,860',-79,56,106
'2023-08-26 17:18:11,954',-80,56,106
'2023-08-26 17:18:12,048',-79,56,106
'2023-08-26 17:18:12,141',-79,56,106
'2023-08-26 17:18:12,235',-79,56,106
'2023-08-26 17:18:12,329',-79,56,106
'2023-08-26 17:18:12,423',-80,56,106
'2023-08-26 17:18:12,517',-79,56,106
'2023-08-26 17:18:12,610',-79,56,106
'2023-08-26 17:18:12,704',-79,56,106
'2023-08-26 17:18:12,798',-79,56,106
'2023-08-26 17:18:12,892',-79,56,106
'2023-08-26 17:18:12,985',-79,56,106
'2023-08-26 17:18:13,079',-79,56,106
'2023-08-26 17:18:13,173',-79,56,106
'2023-08-26 17:18:13,267',-79,56,106
'2023-08-26 17:18:13,360',-79,56,106
'2023-08-26 17:18:13,454',-79,56,106
'2023-08-26 17:18:13,548',-79,56,106
'2023-08-26 17:18:13,642',-79,56,106
'2023-08-26 17:18:13,735',-79,56,106
'2023-08-26 17:18:13,829',-79,56,106
'2023-08-26 17:18:13,923',-79,56,106
'2023-08-26 17:18:14,017',-79,56,106
'2023-08-26 17:18:14,110',-79,56,106
'2023-08-26 17:18:14,204',-79,56,106
'2023-08-26 17:18:14,298',-79,56,106
'2023-08-26 17:18:14,392',-79,56,106
'2023-08-26 17:18:14,485',-79,56,106
'2023-08-26 17:18:14,579',-79,56,106
'2023-08-26 17:18:14,673',-80,56,106
'2023-08-26 17:18:14,767',-79,56,106
'2023-08-26 17:18:14,860',-80,56,106
'2023-08-26 17:18:14,954',-79,56,106
'2023-08-26 17:18:15,048',-79,56,106
'2023-08-26 17:18:15,142',-79,56,106
'2023-08-26 17:18:15,235',-79,56,106
'2023-08-26 17:18:15,329',-79,56,106
'2023-08-26 17:18:15,423',-79,56,106
'2023-08-26 17:18:15,517',-79,56,106
'2023-08-26 17:18:15,610',-79,56,106
'2023-08-26 17:18:15,704',-79,56,106
'2023-08-26 17:18:15,798',-79,56,106
'2023-08-26 17:18:15,892',-79,56,106
'2023-08-26 17:18:15,985',-79,56,106
'2023-08-26 17:18:16,079',-79,56,106
'2023-08-26 17:18:16,173',-79,56,106
'2023-08-26 17:18:16,267',-79,56,106
'2023-08-26 17:18:16,360',-79,56,106
'2023-08-26 17:18:16,454',-79,56,106
'2023-08-26 17:18:16,548',-79,56,106
'2023-08-26 17:18:16,642',-79,56,106
'2023-08-26 17:18:16,735',-79,56,106
'2023-08-26 17:18:16,829',-79,56,106
'2023-08-26 17:18:16,923',-79,56,106
'2023-08-26 17:18:17,017',-80,56,106
'2023-08-26 17:18:17,110',-79,56,106
'2023-08-26 17:18:17,204',-79,56,106
'2023-08-26 17:18:17,298',-80,56,106
'2023-08-26 17:18:17,392',-79,56,106
'2023-08-26 17:18:17,485',-79,56,106
'2023-08-26 17:18:17,579',-79,56,106
'2023-08-26 17:18:17,673',-79,56,106
'2023-08-26 17:18:17,767',-79,56,106
'2023-08-26 17:18:17,860',-79,56,106
'2023-08-26 17:18:17,954',-80,56,106
'2023-08-26 17:18:18,048',-79,56,106
'2023-08-26 17:18:18,142',-79,56,106
'2023-08-26 17:18:18,235',-79,56,106
'2023-08-26 17:18:18,329',-79,56,106
'2023-08-26 17:18:18,423',-79,56,106
'2023-08-26 17:18:18,517',-79,56,106
'2023-08-26 17:18:18,610',-79,56,106
'2023-08-26 17:18:18,704',-80,56,106
'2023-08-26 17:18:18,798',-79,56,106
'2023-08-26 17:18:18,892',-79,56,106
'2023-08-26 17:18:18,985',-79,56,106
'2023-08-26 17:18:19,079',-79,56,106
'2023-08-26 17:18:19,173',-79,56,106
'2023-08-26 17:18:19,267',-79,56,106
'2023-08-26 17:18:19,360',-79,56,106
'2023-08-26 17:18:19,454',-79,56,106
'2023-08-26 17:18:19,548',-79,56,106
'2023-08-26 17:18:19,642',-79,56,106
'2023-08-26 17:18:19,735',-79,56,106
'2023-08-26 17:18:19,829',-79,56,106
'2023-08-26 17:18:19,923',-79,56,106
'2023-08-26 17:18:20,017',-80,56,106
'2023-08-26 17:18:20,110',-79,56,106
'2023-08-26 17:18:20,204',-79,56,106
'2023-08-26 17:18:20,298',-79,56,106
'2023-08-26 17:18:20,392',-79,56,106
'2023-08-26 17:18:20,486',-79,56,106
'2023-08-26 17:18:21,759',-91,56,106
'2023-08-26 17:18:21,853',-91,56,106
'2023-08-26 17:18:21,947',-91,56,106
'2023-08-26 17:18:22,041',-90,56,106
'2023-08-26 17:18:22,134',-90,56,106
'2023-08-26 17:18:22,228',-91,56,106
'2023-08-26 17:18:22,322',-90,56,106
'2023-08-26 17:18:22,416',-91,56,106
'2023-08-26 17:18:22,509',-91,56,106
'2023-08-26 17:18:22,603',-90,56,106
'2023-08-26 17:18:22,697',-90,56,106
'2023-08-26 17:18:22,885',-90,56,106
'2023-08-26 17:18:22,979',-90,56,106
'2023-08-26 17:18:23,072',-90,56,106
'2023-08-26 17:18:23,166',-91,56,106
'2023-08-26 17:18:23,259',-91,56,106
'2023-08-26 17:18:23,353',-91,56,106
'2023-08-26 17:18:23,447',-90,56,106
'2023-08-26 17:18:23,540',-91,56,106
'2023-08-26 17:18:23,634',-91,56,106
'2023-08-26 17:18:23,728',-91,56,106
'2023-08-26 17:18:23,822',-91,56,106
'2023-08-26 17:18:23,916',-91,56,106
'2023-08-26 17:18:24,009',-90,56,106
'2023-08-26 17:18:24,103',-91,56,106
'2023-08-26 17:18:24,197',-91,56,106
'2023-08-26 17:18:24,291',-91,56,106
'2023-08-26 17:18:24,385',-91,56,106
'2023-08-26 17:18:24,478',-91,56,106
'2023-08-26 17:18:24,572',-90,56,106
'2023-08-26 17:18:24,666',-91,56,106
'2023-08-26 17:18:24,760',-91,56,106
'2023-08-26 17:18:24,852',-91,56,106
'2023-08-26 17:18:24,947',-91,56,106
'2023-08-26 17:18:25,041',-91,56,106
'2023-08-26 17:18:25,134',-91,56,106
'2023-08-26 17:18:25,229',-91,56,106
'2023-08-26 17:18:25,322',-91,56,106
'2023-08-26 17:18:25,415',-91,56,106
'2023-08-26 17:18:25,509',-90,56,106
'2023-08-26 17:18:25,603',-91,56,106
'2023-08-26 17:18:25,697',-91,56,106
'2023-08-26 17:18:25,790',-90,56,106
'2023-08-26 17:18:25,884',-91,56,106
'2023-08-26 17:18:25,978',-91,56,106
'2023-08-26 17:18:26,072',-91,56,106
'2023-08-26 17:18:26,166',-91,56,106
'2023-08-26 17:18:26,259',-91,56,106
'2023-08-26 17:18:26,353',-90,56,106
'2023-08-26 17:18:26,447',-91,56,106
'2023-08-26 17:18:26,541',-90,56,106
'2023-08-26 17:18:26,635',-90,56,106
'2023-08-26 17:18:26,728',-91,56,106
'2023-08-26 17:18:26,822',-90,56,106
'2023-08-26 17:18:26,916',-91,56,106
'2023-08-26 17:18:27,010',-90,56,106
'2023-08-26 17:18:27,103',-91,56,106
'2023-08-26 17:18:27,197',-91,56,106
'2023-08-26 17:18:27,291',-91,56,106
'2023-08-26 17:18:27,385',-91,56,106
'2023-08-26 17:18:27,478',-90,56,106
'2023-08-26 17:18:27,572',-91,56,106
'2023-08-26 17:18:27,666',-91,56,106
'2023-08-26 17:18:27,760',-91,56,106
'2023-08-26 17:18:27,853',-90,56,106
'2023-08-26 17:18:27,947',-90,56,106
'2023-08-26 17:18:28,041',-91,56,106
'2023-08-26 17:18:28,135',-91,56,106
'2023-08-26 17:18:28,228',-90,56,106
'2023-08-26 17:18:28,322',-91,56,106
'2023-08-26 17:18:28,416',-91,56,106
'2023-08-26 17:18:28,510',-90,56,106
'2023-08-26 17:18:28,603',-91,56,106
'2023-08-26 17:18:28,697',-91,56,106
'2023-08-26 17:18:28,791',-90,56,106
'2023-08-26 17:18:28,885',-91,56,106
'2023-08-26 17:18:28,978',-91,56,106
'2023-08-26 17:18:29,072',-90,56,106
'2023-08-26 17:18:29,166',-90,56,106
'2023-08-26 17:18:29,260',-91,56,106
'2023-08-26 17:18:29,353',-91,56,106
'2023-08-26 17:18:29,447',-91,56,106
'2023-08-26 17:18:29,541',-91,56,106
'2023-08-26 17:18:29,635',-91,56,106
'2023-08-26 17:18:29,728',-90,56,106
'2023-08-26 17:18:29,822',-91,56,106
'2023-08-26 17:18:29,916',-91,56,106
'2023-08-26 17:18:30,011',-91,56,106
'2023-08-26 17:18:30,103',-90,56,106
'2023-08-26 17:18:30,197',-90,56,106
'2023-08-26 17:18:30,291',-91,56,106
'2023-08-26 17:18:30,385',-90,56,106
'2023-08-26 17:18:30,572',-90,56,106
'2023-08-26 17:18:30,665',-91,56,106
'2023-08-26 17:18:30,759',-90,56,106
'2023-08-26 17:18:30,853',-91,56,106
'2023-08-26 17:18:30,946',-91,56,106
'2023-08-26 17:18:31,041',-91,56,106
'2023-08-26 17:18:32,297',-91,56,106
'2023-08-26 17:19:32,767',-102,55,106
'2023-08-26 17:19:33,986',-102,55,106
'2023-08-26 17:37:17,988',-79,32,106
'2023-08-26 17:37:18,080',-79,32,106
'2023-08-26 17:37:18,174',-79,32,106
'2023-08-26 17:37:18,268',-80,32,106
'2023-08-26 17:37:18,361',-79,32,106
'2023-08-26 17:37:18,455',-79,32,106
'2023-08-26 17:37:18,549',-79,32,106
'2023-08-26 17:37:18,643',-79,32,106
'2023-08-26 17:37:18,737',-79,32,106
'2023-08-26 17:37:18,830',-79,32,106
'2023-08-26 17:37:18,924',-79,32,106
'2023-08-26 17:37:19,018',-79,32,106
'2023-08-26 17:37:19,112',-79,32,106
'2023-08-26 17:37:19,206',-80,32,106
'2023-08-26 17:37:19,299',-79,32,106
'2023-08-26 17:37:19,393',-79,32,106
'2023-08-26 17:37:19,487',-79,32,106
'2023-08-26 17:37:19,581',-79,32,106
'2023-08-26 17:37:19,675',-78,32,106
'2023-08-26 17:37:19,768',-79,32,106
'2023-08-26 17:37:19,862',-79,32,106
'2023-08-26 17:37:19,956',-79,32,106
'2023-08-26 17:37:20,050',-79,32,106
'2023-08-26 17:37:20,142',-79,32,106
'2023-08-26 17:37:20,237',-79,32,106
'2023-08-26 17:37:20,330',-79,32,106
'2023-08-26 17:37:20,428',-79,32,106
'2023-08-26 17:37:20,518',-79,32,106
'2023-08-26 17:37:20,611',-79,32,106
'2023-08-26 17:37:20,705',-79,32,106
'2023-08-26 17:37:20,799',-79,32,106
'2023-08-26 17:37:20,893',-79,32,106
'2023-08-26 17:37:20,987',-79,32,106
'2023-08-26 17:37:21,080',-79,32,106
'2023-08-26 17:37:21,174',-79,32,106
'2023-08-26 17:37:21,268',-79,32,106
'2023-08-26 17:37:21,362',-79,32,106
'2023-08-26 17:37:21,456',-79,32,106
'2023-08-26 17:37:21,549',-79,32,106
'2023-08-26 17:37:21,643',-79,32,106
'2023-08-26 17:37:21,737',-79,32,106
'2023-08-26 17:37:21,831',-79,32,106
'2023-08-26 17:37:21,925',-79,32,106
'2023-08-26 17:37:22,018',-79,32,106
'2023-08-26 17:37:22,112',-79,32,106
'2023-08-26 17:37:22,206',-79,32,106
'2023-08-26 17:37:22,300',-79,32,106
'2023-08-26 17:37:22,393',-79,32,106
'2023-08-26 17:37:22,486',-79,32,106
'2023-08-26 17:37:22,580',-79,32,106
'2023-08-26 17:37:22,674',-80,32,106
'2023-08-26 17:37:22,768',-79,32,106
'2023-08-26 17:37:22,861',-80,32,106
'2023-08-26 17:37:22,955',-79,32,106
'2023-08-26 17:37:23,050',-79,32,106
'2023-08-26 17:37:23,143',-79,32,106
'2023-08-26 17:37:23,237',-79,32,106
'2023-08-26 17:37:23,331',-79,32,106
'2023-08-26 17:37:23,424',-79,32,106
'2023-08-26 17:37:23,518',-79,32,106
'2023-08-26 17:37:23,612',-79,32,106
'2023-08-26 17:37:23,706',-79,32,106
'2023-08-26 17:37:23,799',-79,32,106
'2023-08-26 17:37:23,893',-79,32,106
'2023-08-26 17:37:23,987',-80,32,106
'2023-08-26 17:37:24,081',-79,32,106
'2023-08-26 17:37:24,175',-79,32,106
'2023-08-26 17:37:24,268',-79,32,106
'2023-08-26 17:37:24,362',-79,32,106
'2023-08-26 17:37:24,456',-79,32,106
'2023-08-26 17:37:24,550',-79,32,106
'2023-08-26 17:37:24,642',-79,32,106
'2023-08-26 17:37:24,736',-79,32,106
'2023-08-26 17:37:24,830',-79,32,106
'2023-08-26 17:37:24,924',-80,32,106
'2023-08-26 17:37:25,019',-79,32,106
'2023-08-26 17:37:25,112',-79,32,106
'2023-08-26 17:37:25,205',-79,32,106
'2023-08-26 17:37:25,299',-79,32,106
'2023-08-26 17:37:25,393',-79,32,106
'2023-08-26 17:37:25,487',-79,32,106
'2023-08-26 17:37:25,580',-79,32,106
'2023-08-26 17:37:25,674',-79,32,106
'2023-08-26 17:37:25,768',-79,32,106
'2023-08-26 17:37:25,862',-79,32,106
'2023-08-26 17:37:25,956',-79,32,106
'2023-08-26 17:37:26,049',-79,32,106
'2023-08-26 17:37:26,143',-79,32,106
'2023-08-26 17:37:26,237',-79,32,106
'2023-08-26 17:37:26,331',-79,32,106
'2023-08-26 17:37:26,425',-79,32,106
'2023-08-26 17:37:26,518',-79,32,106
'2023-08-26 17:37:26,612',-79,32,106
'2023-08-26 17:37:26,706',-79,32,106
'2023-08-26 17:37:26,800',-80,32,106
'2023-08-26 17:37:26,892',-79,32,106
'2023-08-26 17:37:26,986',-79,32,106
'2023-08-26 17:37:27,081',-79,32,106
'2023-08-26 17:37:27,174',-79,32,106
'2023-08-26 17:37:27,269',-79,32,106
'2023-08-26 17:37:28,512',-91,32,106
'2023-08-26 17:37:28,605',-91,32,106
'2023-08-26 17:37:28,700',-91,32,106
'2023-08-26 17:37:28,793',-91,32,106
'2023-08-26 17:37:28,887',-91,32,106
'2023-08-26 17:37:28,981',-91,32,106
'2023-08-26 17:37:29,074',-91,32,106
'2023-08-26 17:37:29,168',-91,32,106
'2023-08-26 17:37:29,262',-91,32,106
'2023-08-26 17:37:29,357',-91,32,106
'2023-08-26 17:37:29,450',-91,32,106
'2023-08-26 17:37:29,543',-91,32,106
'2023-08-26 17:37:29,637',-91,32,106
'2023-08-26 17:37:29,731',-91,32,106
'2023-08-26 17:37:29,825',-91,32,106
'2023-08-26 17:37:29,918',-91,32,106
'2023-08-26 17:37:30,012',-91,32,106
'2023-08-26 17:37:30,106',-91,32,106
'2023-08-26 17:37:30,200',-91,32,106
'2023-08-26 17:37:30,294',-91,32,106
'2023-08-26 17:37:30,387',-91,32,106
'2023-08-26 17:37:30,481',-91,32,106
'2023-08-26 17:37:30,575',-91,32,106
'2023-08-26 17:37:30,669',-91,32,106
'2023-08-26 17:37:30,762',-91,32,106
'2023-08-26 17:37:30,855',-91,32,106
'2023-08-26 17:37:30,949',-91,32,106
'2023-08-26 17:37:31,043',-91,32,106
'2023-08-26 17:37:31,137',-91,32,106
'2023-08-26 17:37:31,230',-91,32,106
'2023-08-26 17:37:31,324',-91,32,106
'2023-08-26 17:37:31,419',-91,32,106
'2023-08-26 17:37:31,512',-91,32,106
'2023-08-26 17:37:31,606',-91,32,106
'2023-08-26 17:37:31,699',-91,32,106
'2023-08-26 17:37:31,793',-91,32,106
'2023-08-26 17:37:31,887',-91,32,106
'2023-08-26 17:37:31,981',-91,32,106
'2023-08-26 17:37:32,075',-91,32,106
'2023-08-26 17:37:32,168',-91,32,106
'2023-08-26 17:37:32,262',-91,32,106
'2023-08-26 17:37:32,356',-91,32,106
'2023-08-26 17:37:32,450',-91,32,106
'2023-08-26 17:37:32,544',-91,32,106
'2023-08-26 17:37:32,637',-91,32,106
'2023-08-26 17:37:32,731',-91,32,106
'2023-08-26 17:37:32,825',-91,32,106
'2023-08-26 17:37:32,919',-91,32,106
'2023-08-26 17:37:33,012',-91,32,106
'2023-08-26 17:37:33,105',-91,32,106
'2023-08-26 17:37:33,200',-91,32,106
'2023-08-26 17:37:33,294',-91,32,106
'2023-08-26 17:37:33,387',-91,32,106
'2023-08-26 17:37:33,482',-91,32,106
'2023-08-26 17:37:33,574',-91,32,106
'2023-08-26 17:37:33,668',-91,32,106
'2023-08-26 17:37:33,762',-91,32,106
'2023-08-26 17:37:33,856',-91,32,106
'2023-08-26 17:37:33,950',-91,32,106
'2023-08-26 17:37:34,043',-91,32,106
'2023-08-26 17:37:34,137',-91,32,106
'2023-08-26 17:37:34,231',-91,32,106
'2023-08-26 17:37:34,325',-91,32,106
'2023-08-26 17:37:34,418',-91,32,106
'2023-08-26 17:37:34,512',-91,32,106
'2023-08-26 17:37:34,606',-91,32,106
'2023-08-26 17:37:34,700',-91,32,106
'2023-08-26 17:37:34,794',-91,32,106
'2023-08-26 17:37:34,887',-91,32,106
'2023-08-26 17:37:34,981',-91,32,106
'2023-08-26 17:37:35,075',-91,32,106
'2023-08-26 17:37:35,169',-91,32,106
'2023-08-26 17:37:35,262',-91,32,106
'2023-08-26 17:37:35,356',-91,32,106
'2023-08-26 17:37:35,450',-91,32,106
'2023-08-26 17:37:35,544',-91,32,106
'2023-08-26 17:37:35,638',-91,32,106
'2023-08-26 17:37:35,732',-91,32,106
'2023-08-26 17:37:35,824',-91,32,106
'2023-08-26 17:37:35,918',-91,32,106
'2023-08-26 17:37:36,012',-91,32,106
'2023-08-26 17:37:36,106',-91,32,106
'2023-08-26 17:37:36,293',-91,97,106
'2023-08-26 17:37:36,387',-91,97,106
'2023-08-26 17:37:36,481',-91,97,106
'2023-08-26 17:37:36,575',-91,97,106
'2023-08-26 17:37:36,669',-91,97,106
'2023-08-26 17:37:36,762',-91,97,106
'2023-08-26 17:37:36,856',-91,97,106
'2023-08-26 17:37:36,950',-91,97,106
'2023-08-26 17:37:37,044',-91,97,106
'2023-08-26 17:37:37,138',-91,97,106
'2023-08-26 17:37:37,230',-91,97,106
'2023-08-26 17:37:37,324',-91,97,106
'2023-08-26 17:37:37,418',-91,97,106
'2023-08-26 17:37:37,513',-91,97,106
'2023-08-26 17:37:37,606',-91,97,106
'2023-08-26 17:37:37,699',-91,97,106
'2023-08-26 17:37:37,794',-91,97,106
'2023-08-26 17:37:39,053',-91,97,106
'2023-08-26 17:38:33,272',-102,42,106
'2023-08-26 17:52:55,683',-79,51,106
'2023-08-26 17:52:55,772',-79,51,106
'2023-08-26 17:52:55,866',-79,51,106
'2023-08-26 17:52:55,960',-79,51,106
'2023-08-26 17:52:56,054',-79,51,106
'2023-08-26 17:52:56,148',-79,51,106
'2023-08-26 17:52:56,241',-79,51,106
'2023-08-26 17:52:56,335',-79,51,106
'2023-08-26 17:52:56,429',-79,51,106
'2023-08-26 17:52:56,523',-79,51,106
'2023-08-26 17:52:56,617',-79,51,106
'2023-08-26 17:52:56,710',-79,51,106
'2023-08-26 17:52:56,804',-79,51,106
'2023-08-26 17:52:56,898',-79,51,106
'2023-08-26 17:52:56,992',-78,51,106
'2023-08-26 17:52:57,085',-79,51,106
'2023-08-26 17:52:57,179',-79,51,106
'2023-08-26 17:52:57,273',-79,51,106
'2023-08-26 17:52:57,367',-79,51,106
'2023-08-26 17:52:57,460',-79,51,106
'2023-08-26 17:52:57,554',-79,51,106
'2023-08-26 17:52:57,648',-79,51,106
'2023-08-26 17:52:57,742',-79,51,106
'2023-08-26 17:52:57,835',-79,51,106
'2023-08-26 17:52:57,929',-79,51,106
'2023-08-26 17:52:58,023',-78,51,106
'2023-08-26 17:52:58,117',-79,51,106
'2023-08-26 17:52:58,210',-79,51,106
'2023-08-26 17:52:58,304',-79,51,106
'2023-08-26 17:52:58,398',-79,51,106
'2023-08-26 17:52:58,492',-79,51,106
'2023-08-26 17:52:58,585',-79,51,106
'2023-08-26 17:52:58,679',-79,51,106
'2023-08-26 17:52:58,773',-79,51,106
'2023-08-26 17:52:58,867',-79,51,106
'2023-08-26 17:52:58,960',-79,51,106
'2023-08-26 17:52:59,054',-79,51,106
'2023-08-26 17:52:59,148',-79,51,106
'2023-08-26 17:52:59,242',-79,51,106
'2023-08-26 17:52:59,335',-79,51,106
'2023-08-26 17:52:59,429',-79,51,106
'2023-08-26 17:52:59,523',-79,51,106
'2023-08-26 17:52:59,617',-79,51,106
'2023-08-26 17:52:59,710',-79,51,106
'2023-08-26 17:52:59,805',-79,51,106
'2023-08-26 17:52:59,898',-79,51,106
'2023-08-26 17:52:59,992',-79,51,106
'2023-08-26 17:53:00,085',-79,51,106
'2023-08-26 17:53:00,179',-79,51,106
'2023-08-26 17:53:00,273',-79,51,106
'2023-08-26 17:53:00,367',-79,51,106
'2023-08-26 17:53:00,460',-79,51,106
'2023-08-26 17:53:00,554',-79,51,106
'2023-08-26 17:53:00,648',-79,51,106
'2023-08-26 17:53:00,742',-79,51,106
'2023-08-26 17:53:00,835',-79,51,106
'2023-08-26 17:53:00,929',-79,51,106
'2023-08-26 17:53:01,023',-79,51,106
'2023-08-26 17:53:01,117',-79,51,106
'2023-08-26 17:53:01,210',-79,51,106
'2023-08-26 17:53:01,304',-79,51,106
'2023-08-26 17:53:01,398',-79,51,106
'2023-08-26 17:53:01,492',-79,51,106
'2023-08-26 17:53:01,585',-79,51,106
'2023-08-26 17:53:01,679',-79,51,106
'2023-08-26 17:53:01,773',-79,51,106
'2023-08-26 17:53:01,867',-79,51,106
'2023-08-26 17:53:01,960',-79,51,106
'2023-08-26 17:53:02,054',-79,51,106
'2023-08-26 17:53:02,148',-79,51,106
'2023-08-26 17:53:02,242',-79,51,106
'2023-08-26 17:53:02,335',-79,51,106
'2023-08-26 17:53:02,429',-79,51,106
'2023-08-26 17:53:02,523',-79,51,106
'2023-08-26 17:53:02,617',-79,51,106
'2023-08-26 17:53:02,710',-79,51,106
'2023-08-26 17:53:02,804',-79,51,106
'2023-08-26 17:53:02,898',-79,51,106
'2023-08-26 17:53:02,992',-79,51,106
'2023-08-26 17:53:03,085',-79,51,106
'2023-08-26 17:53:03,179',-79,51,106
'2023-08-26 17:53:03,273',-79,51,106
'2023-08-26 17:53:03,367',-79,51,106
'2023-08-26 17:53:03,460',-79,51,106
'2023-08-26 17:53:03,554',-79,51,106
'2023-08-26 17:53:03,648',-79,51,106
'2023-08-26 17:53:03,742',-79,51,106
'2023-08-26 17:53:03,835',-79,51,106
'2023-08-26 17:53:03,929',-79,51,106
'2023-08-26 17:53:04,023',-79,51,106
'2023-08-26 17:53:04,117',-79,51,106
'2023-08-26 17:53:04,210',-79,51,106
'2023-08-26 17:53:04,304',-79,51,106
'2023-08-26 17:53:04,398',-79,51,106
'2023-08-26 17:53:04,492',-79,51,106
'2023-08-26 17:53:04,585',-79,51,106
'2023-08-26 17:53:04,679',-79,51,106
'2023-08-26 17:53:04,773',-79,51,106
'2023-08-26 17:53:04,867',-79,51,106
'2023-08-26 17:53:04,961',-79,51,106
'2023-08-26 17:53:06,203',-91,51,106
'2023-08-26 17:53:06,293',-91,51,106
'2023-08-26 17:53:06,387',-91,51,106
'2023-08-26 17:53:06,481',-91,51,106
'2023-08-26 17:53:06,574',-91,51,106
'2023-08-26 17:53:06,668',-91,51,106
'2023-08-26 17:53:06,762',-91,51,106
'2023-08-26 17:53:06,856',-91,51,106
'2023-08-26 17:53:06,949',-91,51,106
'2023-08-26 17:53:07,043',-91,51,106
'2023-08-26 17:53:07,137',-91,51,106
'2023-08-26 17:53:07,231',-91,51,106
'2023-08-26 17:53:07,324',-91,51,106
'2023-08-26 17:53:07,418',-91,51,106
'2023-08-26 17:53:07,512',-91,51,106
'2023-08-26 17:53:07,606',-91,51,106
'2023-08-26 17:53:07,700',-91,51,106
'2023-08-26 17:53:07,793',-91,51,106
'2023-08-26 17:53:07,887',-91,51,106
'2023-08-26 17:53:07,981',-91,51,106
'2023-08-26 17:53:08,075',-91,51,106
'2023-08-26 17:53:08,261',-91,95,106
'2023-08-26 17:53:08,355',-91,95,106
'2023-08-26 17:53:08,449',-91,95,106
'2023-08-26 17:53:08,543',-91,95,106
'2023-08-26 17:53:08,637',-91,95,106
'2023-08-26 17:53:08,730',-91,95,106
'2023-08-26 17:53:08,824',-91,95,106
'2023-08-26 17:53:08,918',-91,95,106
'2023-08-26 17:53:09,012',-91,95,106
'2023-08-26 17:53:09,106',-91,95,106
'2023-08-26 17:53:09,199',-91,95,106
'2023-08-26 17:53:09,293',-91,95,106
'2023-08-26 17:53:09,387',-91,95,106
'2023-08-26 17:53:09,481',-91,95,106
'2023-08-26 17:53:09,575',-91,95,106
'2023-08-26 17:53:09,668',-91,95,106
'2023-08-26 17:53:09,762',-91,95,106
'2023-08-26 17:53:09,856',-91,95,106
'2023-08-26 17:53:09,950',-91,95,106
'2023-08-26 17:53:10,042',-91,95,106
'2023-08-26 17:53:10,137',-91,95,106
'2023-08-26 17:53:10,230',-91,95,106
'2023-08-26 17:53:10,324',-91,95,106
'2023-08-26 17:53:10,418',-91,95,106
'2023-08-26 17:53:10,511',-91,95,106
'2023-08-26 17:53:10,605',-91,95,106
'2023-08-26 17:53:10,699',-91,95,106
'2023-08-26 17:53:10,793',-91,95,106
'2023-08-26 17:53:10,887',-91,95,106
'2023-08-26 17:53:10,980',-91,95,106
'2023-08-26 17:53:11,074',-91,95,106
'2023-08-26 17:53:11,168',-91,95,106
'2023-08-26 17:53:11,262',-91,95,106
'2023-08-26 17:53:11,356',-91,95,106
'2023-08-26 17:53:11,449',-91,95,106
'2023-08-26 17:53:11,543',-91,95,106
'2023-08-26 17:53:11,637',-91,95,106
'2023-08-26 17:53:11,731',-91,95,106
'2023-08-26 17:53:11,825',-91,95,106
'2023-08-26 17:53:11,918',-91,95,106
'2023-08-26 17:53:12,012',-91,95,106
'2023-08-26 17:53:12,200',-91,93,106
'2023-08-26 17:53:12,293',-91,93,106
'2023-08-26 17:53:12,386',-91,93,106
'2023-08-26 17:53:12,480',-91,93,106
'2023-08-26 17:53:12,574',-91,93,106
'2023-08-26 17:53:12,668',-91,93,106
'2023-08-26 17:53:12,762',-91,93,106
'2023-08-26 17:53:12,855',-91,93,106
'2023-08-26 17:53:12,949',-91,93,106
'2023-08-26 17:53:13,043',-91,93,106
'2023-08-26 17:53:13,137',-91,93,106
'2023-08-26 17:53:13,231',-91,93,106
'2023-08-26 17:53:13,324',-91,93,106
'2023-08-26 17:53:13,418',-91,93,106
'2023-08-26 17:53:13,512',-91,93,106
'2023-08-26 17:53:13,606',-91,93,106
'2023-08-26 17:53:13,700',-91,93,106
'2023-08-26 17:53:13,793',-91,93,106
'2023-08-26 17:53:13,887',-91,93,106
'2023-08-26 17:53:13,981',-91,93,106
'2023-08-26 17:53:14,075',-91,93,106
'2023-08-26 17:53:14,168',-91,93,106
'2023-08-26 17:53:14,262',-91,93,106
'2023-08-26 17:53:14,356',-91,93,106
'2023-08-26 17:53:14,449',-91,93,106
'2023-08-26 17:53:14,544',-91,93,106
'2023-08-26 17:53:14,636',-91,93,106
'2023-08-26 17:53:14,730',-91,93,106
'2023-08-26 17:53:14,824',-91,93,106
'2023-08-26 17:53:14,918',-91,93,106
'2023-08-26 17:53:15,012',-91,93,106
'2023-08-26 17:53:15,105',-91,93,106
'2023-08-26 17:53:15,199',-91,93,106
'2023-08-26 17:53:15,293',-91,93,106
'2023-08-26 17:53:15,387',-91,93,106
'2023-08-26 17:53:15,482',-91,93,106
'2023-08-26 17:53:16,717',-91,93,106
'2023-08-26 18:08:33,659',-79,26,106
'2023-08-26 18:08:33,754',-79,26,106
'2023-08-26 18:08:33,848',-79,26,106
'2023-08-26 18:08:33,941',-79,26,106
'2023-08-26 18:08:34,035',-79,26,106
'2023-08-26 18:08:34,128',-79,26,106
'2023-08-26 18:08:34,222',-79,26,106
'2023-08-26 18:08:34,316',-79,26,106
'2023-08-26 18:08:34,410',-79,26,106
'2023-08-26 18:08:34,504',-79,26,106
'2023-08-26 18:08:34,598',-79,26,106
'2023-08-26 18:08:34,691',-79,26,106
'2023-08-26 18:08:34,785',-79,26,106
'2023-08-26 18:08:34,879',-79,26,106
'2023-08-26 18:08:34,973',-79,26,106
'2023-08-26 18:08:35,066',-79,26,106
'2023-08-26 18:08:35,160',-79,26,106
'2023-08-26 18:08:35,254',-79,26,106
'2023-08-26 18:08:35,348',-79,26,106
'2023-08-26 18:08:35,441',-79,26,106
'2023-08-26 18:08:35,535',-79,26,106
'2023-08-26 18:08:35,629',-79,26,106
'2023-08-26 18:08:35,723',-79,26,106
'2023-08-26 18:08:35,816',-79,26,106
'2023-08-26 18:08:35,910',-79,26,106
'2023-08-26 18:08:36,004',-79,26,106
'2023-08-26 18:08:36,098',-79,26,106
'2023-08-26 18:08:36,191',-79,26,106
'2023-08-26 18:08:36,285',-79,26,106
'2023-08-26 18:08:36,379',-79,26,106
'2023-08-26 18:08:36,473',-79,26,106
'2023-08-26 18:08:36,566',-79,26,106
'2023-08-26 18:08:36,660',-79,26,106
'2023-08-26 18:08:36,754',-79,26,106
'2023-08-26 18:08:36,848',-79,26,106
'2023-08-26 18:08:36,941',-79,26,106
'2023-08-26 18:08:37,035',-79,26,106
'2023-08-26 18:08:37,129',-79,26,106
'2023-08-26 18:08:37,223',-79,26,106
'2023-08-26 18:08:37,316',-79,26,106
'2023-08-26 18:08:37,410',-79,26,106
'2023-08-26 18:08:37,504',-79,26,106
'2023-08-26 18:08:37,598',-79,26,106
'2023-08-26 18:08:37,691',-79,26,106
'2023-08-26 18:08:37,785',-79,26,106
'2023-08-26 18:08:37,879',-79,26,106
'2023-08-26 18:08:37,973',-79,26,106
'2023-08-26 18:08:38,066',-79,26,106
'2023-08-26 18:08:38,160',-79,26,106
'2023-08-26 18:08:38,254',-79,26,106
'2023-08-26 18:08:38,348',-79,26,106
'2023-08-26 18:08:38,441',-79,26,106
'2023-08-26 18:08:38,535',-79,26,106
'2023-08-26 18:08:38,629',-79,26,106
'2023-08-26 18:08:38,723',-79,26,106
'2023-08-26 18:08:38,816',-79,26,106
'2023-08-26 18:08:38,910',-79,26,106
'2023-08-26 18:08:39,004',-79,26,106
'2023-08-26 18:08:39,098',-79,26,106
'2023-08-26 18:08:39,191',-79,26,106
'2023-08-26 18:08:39,285',-79,26,106
'2023-08-26 18:08:39,379',-79,26,106
'2023-08-26 18:08:39,473',-79,26,106
'2023-08-26 18:08:39,566',-79,26,106
'2023-08-26 18:08:39,660',-79,26,106
'2023-08-26 18:08:39,754',-79,26,106
'2023-08-26 18:08:39,848',-79,26,106
'2023-08-26 18:08:39,941',-79,26,106
'2023-08-26 18:08:40,035',-79,26,106
'2023-08-26 18:08:40,129',-79,26,106
'2023-08-26 18:08:40,223',-79,26,106
'2023-08-26 18:08:40,316',-79,26,106
'2023-08-26 18:08:40,410',-79,26,106
'2023-08-26 18:08:40,504',-79,26,106
'2023-08-26 18:08:40,598',-79,26,106
'2023-08-26 18:08:40,691',-79,26,106
'2023-08-26 18:08:40,785',-79,26,106
'2023-08-26 18:08:40,879',-79,26,106
'2023-08-26 18:08:40,973',-79,26,106
'2023-08-26 18:08:41,066',-79,26,106
'2023-08-26 18:08:41,160',-79,26,106
'2023-08-26 18:08:41,254',-79,26,106
'2023-08-26 18:08:41,348',-79,26,106
'2023-08-26 18:08:41,441',-79,26,106
'2023-08-26 18:08:41,535',-79,26,106
'2023-08-26 18:08:41,629',-79,26,106
'2023-08-26 18:08:41,723',-79,26,106
'2023-08-26 18:08:41,816',-79,26,106
'2023-08-26 18:08:41,910',-79,26,106
'2023-08-26 18:08:42,004',-79,26,106
'2023-08-26 18:08:42,098',-79,26,106
'2023-08-26 18:08:42,191',-79,26,106
'2023-08-26 18:08:42,285',-79,26,106
'2023-08-26 18:08:42,379',-79,26,106
'2023-08-26 18:08:42,473',-79,26,106
'2023-08-26 18:08:42,566',-79,26,106
'2023-08-26 18:08:42,660',-79,26,106
'2023-08-26 18:08:42,754',-79,26,106
'2023-08-26 18:08:42,848',-79,26,106
'2023-08-26 18:08:42,942',-79,26,106
'2023-08-26 18:08:44,208',-91,26,106
'2023-08-26 18:08:44,300',-91,26,106
'2023-08-26 18:08:44,394',-91,26,106
'2023-08-26 18:08:44,488',-91,26,106
'2023-08-26 18:08:44,582',-91,26,106
'2023-08-26 18:08:44,675',-91,26,106
'2023-08-26 18:08:44,769',-91,26,106
'2023-08-26 18:08:44,957',-91,26,106
'2023-08-26 18:08:45,051',-91,26,106
'2023-08-26 18:08:45,145',-91,26,106
'2023-08-26 18:08:45,239',-91,26,106
'2023-08-26 18:08:45,332',-91,26,106
'2023-08-26 18:08:45,425',-91,26,106
'2023-08-26 18:08:45,519',-91,26,106
'2023-08-26 18:08:45,613',-91,26,106
'2023-08-26 18:08:45,707',-91,26,106
'2023-08-26 18:08:45,800',-91,26,106
'2023-08-26 18:08:45,894',-91,26,106
'2023-08-26 18:08:45,988',-91,26,106
'2023-08-26 18:08:46,082',-91,26,106
'2023-08-26 18:08:46,176',-91,26,106
'2023-08-26 18:08:46,269',-91,26,106
'2023-08-26 18:08:46,363',-91,26,106
'2023-08-26 18:08:46,457',-91,26,106
'2023-08-26 18:08:46,551',-91,26,106
'2023-08-26 18:08:46,644',-91,26,106
'2023-08-26 18:08:46,738',-91,26,106
'2023-08-26 18:08:46,832',-91,26,106
'2023-08-26 18:08:46,926',-91,26,106
'2023-08-26 18:08:47,020',-91,26,106
'2023-08-26 18:08:47,113',-91,26,106
'2023-08-26 18:08:47,207',-91,26,106
'2023-08-26 18:08:47,301',-91,26,106
'2023-08-26 18:08:47,395',-91,26,106
'2023-08-26 18:08:47,488',-91,26,106
'2023-08-26 18:08:47,581',-91,26,106
'2023-08-26 18:08:47,675',-91,26,106
'2023-08-26 18:08:47,770',-91,26,106
'2023-08-26 18:08:47,863',-91,26,106
'2023-08-26 18:08:47,956',-91,26,106
'2023-08-26 18:08:48,144',-91,26,106
'2023-08-26 18:08:48,238',-91,26,106
'2023-08-26 18:08:48,332',-91,26,106
'2023-08-26 18:08:48,426',-91,26,106
'2023-08-26 18:08:48,519',-91,26,106
'2023-08-26 18:08:48,613',-91,26,106
'2023-08-26 18:08:48,707',-91,26,106
'2023-08-26 18:08:48,801',-91,26,106
'2023-08-26 18:08:48,895',-91,26,106
'2023-08-26 18:08:48,988',-91,26,106
'2023-08-26 18:08:49,082',-91,26,106
'2023-08-26 18:08:49,176',-91,26,106
'2023-08-26 18:08:49,270',-91,26,106
'2023-08-26 18:08:49,363',-91,26,106
'2023-08-26 18:08:49,550',-91,26,106
'2023-08-26 18:08:49,644',-91,26,106
'2023-08-26 18:08:49,738',-91,26,106
'2023-08-26 18:08:49,832',-91,26,106
'2023-08-26 18:08:49,925',-91,26,106
'2023-08-26 18:08:50,019',-91,26,106
'2023-08-26 18:08:50,113',-91,26,106
'2023-08-26 18:08:50,207',-91,26,106
'2023-08-26 18:08:50,301',-91,26,106
'2023-08-26 18:08:50,394',-91,26,106
'2023-08-26 18:08:50,488',-91,26,106
'2023-08-26 18:08:50,582',-91,26,106
'2023-08-26 18:08:50,676',-91,26,106
'2023-08-26 18:08:50,770',-91,26,106
'2023-08-26 18:08:50,863',-91,26,106
'2023-08-26 18:08:50,957',-91,26,106
'2023-08-26 18:08:51,051',-91,26,106
'2023-08-26 18:08:51,145',-91,26,106
'2023-08-26 18:08:51,237',-91,26,106
'2023-08-26 18:08:51,332',-91,26,106
'2023-08-26 18:08:51,426',-91,26,106
'2023-08-26 18:08:51,519',-91,26,106
'2023-08-26 18:08:51,613',-91,26,106
'2023-08-26 18:08:51,706',-91,26,106
'2023-08-26 18:08:51,800',-91,26,106
'2023-08-26 18:08:51,894',-91,26,106
'2023-08-26 18:08:51,988',-91,26,106
'2023-08-26 18:08:52,082',-91,26,106
'2023-08-26 18:08:52,175',-91,26,106
'2023-08-26 18:08:52,269',-91,26,106
'2023-08-26 18:08:52,363',-91,26,106
'2023-08-26 18:08:52,457',-91,26,106
'2023-08-26 18:08:52,551',-91,26,106
'2023-08-26 18:08:52,644',-91,26,106
'2023-08-26 18:08:52,738',-91,26,106
'2023-08-26 18:08:52,832',-91,26,106
'2023-08-26 18:08:52,926',-91,26,106
'2023-08-26 18:08:53,020',-91,26,106
'2023-08-26 18:08:53,113',-91,26,106
'2023-08-26 18:08:53,207',-91,26,106
'2023-08-26 18:08:53,301',-91,26,106
'2023-08-26 18:08:53,395',-91,26,106
'2023-08-26 18:08:53,489',-91,26,106
'2023-08-26 18:08:54,751',-91,26,106
'2023-08-26 18:24:11,731',-79,55,106
'2023-08-26 18:24:11,821',-79,55,106
'2023-08-26 18:24:11,914',-79,55,106
'2023-08-26 18:24:12,008',-79,55,106
'2023-08-26 18:24:12,102',-79,55,106
'2023-08-26 18:24:12,196',-79,55,106
'2023-08-26 18:24:12,289',-79,55,106
'2023-08-26 18:24:12,383',-79,55,106
'2023-08-26 18:24:12,477',-79,55,106
'2023-08-26 18:24:12,571',-79,55,106
'2023-08-26 18:24:12,665',-79,55,106
'2023-08-26 18:24:12,758',-79,55,106
'2023-08-26 18:24:12,852',-79,55,106
'2023-08-26 18:24:12,946',-79,55,106
'2023-08-26 18:24:13,044',-79,55,106
'2023-08-26 18:24:13,133',-79,55,106
'2023-08-26 18:24:13,227',-79,55,106
'2023-08-26 18:24:13,321',-79,55,106
'2023-08-26 18:24:13,415',-79,55,106
'2023-08-26 18:24:13,508',-79,55,106
'2023-08-26 18:24:13,602',-79,55,106
'2023-08-26 18:24:13,696',-79,55,106
'2023-08-26 18:24:13,790',-79,55,106
'2023-08-26 18:24:13,883',-79,55,106
'2023-08-26 18:24:13,977',-79,55,106
'2023-08-26 18:24:14,071',-79,55,106
'2023-08-26 18:24:14,165',-79,55,106
'2023-08-26 18:24:14,258',-79,55,106
'2023-08-26 18:24:14,352',-79,55,106
'2023-08-26 18:24:14,446',-79,55,106
'2023-08-26 18:24:14,540',-79,55,106
'2023-08-26 18:24:14,633',-79,55,106
'2023-08-26 18:24:14,727',-79,55,106
'2023-08-26 18:24:14,821',-79,55,106
'2023-08-26 18:24:14,915',-79,55,106
'2023-08-26 18:24:15,008',-79,55,106
'2023-08-26 18:24:15,102',-79,55,106
'2023-08-26 18:24:15,196',-79,55,106
'2023-08-26 18:24:15,290',-79,55,106
'2023-08-26 18:24:15,383',-79,55,106
'2023-08-26 18:24:15,477',-79,55,106
'2023-08-26 18:24:15,571',-79,55,106
'2023-08-26 18:24:15,665',-79,55,106
'2023-08-26 18:24:15,758',-79,55,106
'2023-08-26 18:24:15,852',-79,55,106
'2023-08-26 18:24:15,946',-79,55,106
'2023-08-26 18:24:16,040',-79,55,106
'2023-08-26 18:24:16,133',-79,55,106
'2023-08-26 18:24:16,227',-79,55,106
'2023-08-26 18:24:16,321',-79,55,106
'2023-08-26 18:24:16,415',-79,55,106
'2023-08-26 18:24:16,508',-79,55,106
'2023-08-26 18:24:16,602',-79,55,106
'2023-08-26 18:24:16,696',-79,55,106
'2023-08-26 18:24:16,790',-79,55,106
'2023-08-26 18:24:16,883',-79,55,106
'2023-08-26 18:24:16,977',-79,55,106
'2023-08-26 18:24:17,071',-79,55,106
'2023-08-26 18:24:17,165',-79,55,106
'2023-08-26 18:24:17,258',-79,55,106
'2023-08-26 18:24:17,352',-79,55,106
'2023-08-26 18:24:17,446',-79,55,106
'2023-08-26 18:24:17,540',-79,55,106
'2023-08-26 18:24:17,633',-79,55,106
'2023-08-26 18:24:17,727',-79,55,106
'2023-08-26 18:24:17,821',-79,55,106
'2023-08-26 18:24:17,915',-79,55,106
'2023-08-26 18:24:18,008',-79,55,106
'2023-08-26 18:24:18,102',-79,55,106
'2023-08-26 18:24:18,196',-79,55,106
'2023-08-26 18:24:18,290',-79,55,106
'2023-08-26 18:24:18,383',-79,55,106
'2023-08-26 18:24:18,477',-79,55,106
'2023-08-26 18:24:18,571',-79,55,106
'2023-08-26 18:24:18,665',-79,55,106
'2023-08-26 18:24:18,758',-79,55,106
'2023-08-26 18:24:18,852',-79,55,106
'2023-08-26 18:24:18,946',-79,55,106
'2023-08-26 18:24:19,040',-79,55,106
'2023-08-26 18:24:19,133',-79,55,106
'2023-08-26 18:24:19,227',-79,55,106
'2023-08-26 18:24:19,321',-79,55,106
'2023-08-26 18:24:19,415',-79,55,106
'2023-08-26 18:24:19,508',-79,55,106
'2023-08-26 18:24:19,602',-79,55,106
'2023-08-26 18:24:19,696',-79,55,106
'2023-08-26 18:24:19,790',-79,55,106
'2023-08-26 18:24:19,883',-79,55,106
'2023-08-26 18:24:19,977',-79,55,106
'2023-08-26 18:24:20,071',-79,55,106
'2023-08-26 18:24:20,165',-79,55,106
'2023-08-26 18:24:20,258',-79,55,106
'2023-08-26 18:24:20,352',-79,55,106
'2023-08-26 18:24:20,446',-79,55,106
'2023-08-26 18:24:20,540',-79,55,106
'2023-08-26 18:24:20,633',-79,55,106
'2023-08-26 18:24:20,727',-79,55,106
'2023-08-26 18:24:20,821',-79,55,106
'2023-08-26 18:24:20,915',-79,55,106
'2023-08-26 18:24:21,009',-79,55,106
'2023-08-26 18:24:22,290',-91,55,106
'2023-08-26 18:24:22,378',-91,55,106
'2023-08-26 18:24:22,473',-91,55,106
'2023-08-26 18:24:22,565',-91,55,106
'2023-08-26 18:24:22,659',-91,55,106
'2023-08-26 18:24:22,753',-91,55,106
'2023-08-26 18:24:22,847',-91,55,106
'2023-08-26 18:24:22,941',-91,55,106
'2023-08-26 18:24:23,034',-91,55,106
'2023-08-26 18:24:23,128',-91,55,106
'2023-08-26 18:24:23,222',-91,55,106
'2023-08-26 18:24:23,316',-91,55,106
'2023-08-26 18:24:23,504',-91,96,106
'2023-08-26 18:24:23,597',-91,96,106
'2023-08-26 18:24:23,691',-91,96,106
'2023-08-26 18:24:23,785',-91,96,106
'2023-08-26 18:24:23,879',-91,96,106
'2023-08-26 18:24:23,971',-91,96,106
'2023-08-26 18:24:24,066',-91,96,106
'2023-08-26 18:24:24,160',-91,96,106
'2023-08-26 18:24:24,253',-91,96,106
'2023-08-26 18:24:24,347',-91,96,106
'2023-08-26 18:24:24,441',-91,96,106
'2023-08-26 18:24:24,534',-91,96,106
'2023-08-26 18:24:24,628',-91,96,106
'2023-08-26 18:24:24,722',-91,96,106
'2023-08-26 18:24:24,816',-91,96,106
'2023-08-26 18:24:24,910',-91,96,106
'2023-08-26 18:24:25,003',-91,96,106
'2023-08-26 18:24:25,097',-91,96,106
'2023-08-26 18:24:25,191',-91,96,106
'2023-08-26 18:24:25,285',-91,96,106
'2023-08-26 18:24:25,378',-91,96,106
'2023-08-26 18:24:25,472',-91,96,106
'2023-08-26 18:24:25,566',-91,96,106
'2023-08-26 18:24:25,660',-91,96,106
'2023-08-26 18:24:25,753',-91,96,106
'2023-08-26 18:24:25,847',-91,96,106
'2023-08-26 18:24:25,941',-91,96,106
'2023-08-26 18:24:26,035',-91,96,106
'2023-08-26 18:24:26,128',-91,96,106
'2023-08-26 18:24:26,222',-91,96,106
'2023-08-26 18:24:26,316',-91,96,106
'2023-08-26 18:24:26,410',-91,96,106
'2023-08-26 18:24:26,503',-91,96,106
'2023-08-26 18:24:26,597',-91,96,106
'2023-08-26 18:24:26,691',-91,96,106
'2023-08-26 18:24:26,785',-91,96,106
'2023-08-26 18:24:26,878',-91,96,106
'2023-08-26 18:24:26,972',-91,96,106
'2023-08-26 18:24:27,066',-91,96,106
'2023-08-26 18:24:27,160',-91,96,106
'2023-08-26 18:24:27,253',-91,96,106
'2023-08-26 18:24:27,347',-91,96,106
'2023-08-26 18:24:27,441',-91,96,106
'2023-08-26 18:24:27,535',-91,96,106
'2023-08-26 18:24:27,628',-91,96,106
'2023-08-26 18:24:27,722',-90,96,106
'2023-08-26 18:24:27,816',-91,96,106
'2023-08-26 18:24:27,910',-91,96,106
'2023-08-26 18:24:28,003',-91,96,106
'2023-08-26 18:24:28,097',-91,96,106
'2023-08-26 18:24:28,191',-91,96,106
'2023-08-26 18:24:28,285',-91,96,106
'2023-08-26 18:24:28,378',-91,96,106
'2023-08-26 18:24:28,472',-91,96,106
'2023-08-26 18:24:28,566',-91,96,106
'2023-08-26 18:24:28,660',-91,96,106
'2023-08-26 18:24:28,753',-91,96,106
'2023-08-26 18:24:28,847',-91,96,106
'2023-08-26 18:24:28,941',-91,96,106
'2023-08-26 18:24:29,035',-91,96,106
'2023-08-26 18:24:29,128',-91,96,106
'2023-08-26 18:24:29,222',-91,96,106
'2023-08-26 18:24:29,316',-91,96,106
'2023-08-26 18:24:29,410',-91,96,106
'2023-08-26 18:24:29,503',-91,96,106
'2023-08-26 18:24:29,597',-91,96,106
'2023-08-26 18:24:29,691',-91,96,106
'2023-08-26 18:24:29,785',-91,96,106
'2023-08-26 18:24:29,878',-91,96,106
'2023-08-26 18:24:29,972',-91,96,106
'2023-08-26 18:24:30,066',-91,96,106
'2023-08-26 18:24:30,160',-91,96,106
'2023-08-26 18:24:30,253',-91,96,106
'2023-08-26 18:24:30,347',-91,96,106
'2023-08-26 18:24:30,441',-91,96,106
'2023-08-26 18:24:30,535',-91,96,106
'2023-08-26 18:24:30,628',-91,96,106
'2023-08-26 18:24:30,722',-91,96,106
'2023-08-26 18:24:30,816',-91,96,106
'2023-08-26 18:24:30,910',-91,96,106
'2023-08-26 18:24:31,003',-91,96,106
'2023-08-26 18:24:31,097',-91,96,106
'2023-08-26 18:24:31,191',-91,96,106
'2023-08-26 18:24:31,285',-91,96,106
'2023-08-26 18:24:31,378',-91,96,106
'2023-08-26 18:24:31,472',-91,96,106
'2023-08-26 18:24:31,567',-91,96,106
'2023-08-26 18:24:32,812',-91,96,106
'2023-08-26 18:25:33,645',-102,65,106
'2023-08-26 18:25:34,301',-102,58,106
